,R_odds,B_odds,R_ev,B_ev,Winner,title_bout,no_of_rounds,B_current_lose_streak,B_current_win_streak,B_draw,B_avg_SIG_STR_landed,B_avg_SIG_STR_pct,B_avg_SUB_ATT,B_avg_TD_landed,B_avg_TD_pct,B_longest_win_streak,B_losses,B_total_rounds_fought,B_total_title_bouts,B_win_by_Decision_Majority,B_win_by_Decision_Split,B_win_by_Decision_Unanimous,B_win_by_KO/TKO,B_win_by_Submission,B_win_by_TKO_Doctor_Stoppage,B_wins,B_Stance,B_Height_cms,B_Reach_cms,B_Weight_lbs,R_current_lose_streak,R_current_win_streak,R_draw,R_avg_SIG_STR_landed,R_avg_SIG_STR_pct,R_avg_SUB_ATT,R_avg_TD_landed,R_avg_TD_pct,R_longest_win_streak,R_losses,R_total_rounds_fought,R_total_title_bouts,R_win_by_Decision_Majority,R_win_by_Decision_Split,R_win_by_Decision_Unanimous,R_win_by_KO/TKO,R_win_by_Submission,R_win_by_TKO_Doctor_Stoppage,R_wins,R_Stance,R_Height_cms,R_Reach_cms,R_Weight_lbs,R_age,B_age,lose_streak_dif,win_streak_dif,longest_win_streak_dif,win_dif,loss_dif,total_round_dif,total_title_bout_dif,ko_dif,sub_dif,height_dif,reach_dif,age_dif,sig_str_dif,avg_sub_att_dif,avg_td_dif,better_rank,r_dec_odds,b_dec_odds,r_sub_odds,b_sub_odds,r_ko_odds,b_ko_odds
14,-380.0,290,26.315789473684212,290.0,0,False,3,0,1,0,2.8,0.46,0.0,0.0,0.0,4,2,18,0,0,0,0,6,0,0,6,0,187.96,198.12,242,1,0,0,3.44,0.51,0.0,6.27,0.53,5,3,32,0,0,0,4,5,0,0,9,0,193.04,203.2,265,30,33,-1,1,-1,-3,-1,-14,0,1,0,-5.079999999999983,-5.079999999999983,3,-0.6400000000000001,0.0,-6.27,0,180.0,1000.0,1000.0,3500.0,125.0,380.0
18,180.0,-220,180.0,45.45454545454545,1,False,3,0,3,0,9.03,0.53,0.0,0.0,0.0,3,0,3,0,0,0,0,3,0,0,3,0,190.5,193.04,250,1,0,0,2.53,0.43,0.2,1.14,0.24,3,3,19,0,0,1,2,2,0,0,5,0,190.5,193.04,235,40,32,-1,3,0,-2,-3,-16,0,1,0,0.0,0.0,-8,6.5,-0.2,-1.14,0,400.0,350.0,1800.0,1400.0,450.0,100.0
38,-240.0,195,41.66666666666667,195.0,0,False,3,0,3,0,3.71,0.49,0.2,2.72,0.57,3,2,14,0,1,0,1,1,1,0,4,0,190.5,198.12,260,0,3,0,7.19,0.65,1.4,2.73,1.0,3,0,4,0,0,0,0,2,1,0,3,0,195.58,198.12,256,28,26,0,0,0,1,2,10,0,-1,0,-5.0800000000000125,0.0,-2,-3.4800000000000004,-1.2,-0.0099999999999997,0,400.0,550.0,500.0,800.0,120.0,550.0
60,170.0,-200,170.0,50.0,0,False,3,1,0,0,6.24,0.45,0.0,0.0,0.0,2,6,22,0,0,0,1,2,0,0,3,0,193.04,198.12,250,0,1,0,8.48,0.51,0.7,1.42,0.3,1,1,4,0,0,0,1,0,0,0,1,0,182.88,190.5,265,36,31,1,-1,1,2,5,18,0,2,0,10.16,7.62,-5,-2.24,-0.7,-1.42,2,450.0,300.0,900.0,1600.0,500.0,120.0
70,250.0,-320,250.0,31.25,1,True,5,0,6,0,5.37,0.57,0.3,0.71,0.2,6,0,19,0,0,0,3,1,2,0,6,0,193.04,205.74,245,0,4,0,2.49,0.5,0.0,0.49,0.25,6,5,48,1,0,2,2,12,0,0,16,0,190.5,200.66,260,36,31,0,2,0,-10,-5,-29,-1,-11,2,2.54,5.08,-5,2.88,0.3,0.22,0,1400.0,215.0,2200.0,600.0,330.0,120.0
112,310.0,-410,310.0,24.390243899999998,1,False,3,1,0,0,5.46,0.57,1.7,1.71,0.4,2,1,4,0,0,0,0,0,2,0,2,0,187.96,203.2,246,1,0,0,7.81,0.61,0.0,0.0,0.0,0,1,1,0,0,0,0,0,0,0,0,0,190.5,200.66,243,33,28,0,0,2,2,0,3,0,0,2,-2.54,2.54,-5,-2.35,1.7,1.71,2,1000.0,500.0,1800.0,-125.0,500.0,400.0
115,-130.0,105,76.92307692,105.0,0,False,3,1,0,0,4.84,0.5,0.0,0.2,0.33,2,3,19,0,0,0,1,5,0,0,6,0,195.58,203.2,265,0,2,0,4.48,0.5,0.0,0.0,0.0,3,3,14,0,0,0,1,4,0,0,5,1,187.96,190.5,264,28,32,1,-2,-1,1,0,5,0,1,0,7.62,12.7,4,0.36,0.0,0.2,2,350.0,350.0,1600.0,1800.0,160.0,265.0
125,-155.0,125,64.51612903,125.0,0,False,5,0,2,0,4.88,0.59,0.2,0.66,0.7,4,2,28,0,0,1,2,4,0,0,7,0,200.66,203.2,250,0,5,0,5.04,0.55,0.5,1.13,0.26,5,0,14,0,0,0,2,1,2,0,5,0,193.04,205.74,245,31,32,0,-3,-1,2,2,14,0,3,-2,7.62,-2.54,1,-0.16,-0.3,-0.47,0,188.0,300.0,700.0,375.0,275.0,1600.0
126,-195.0,153,51.28205128,153.0,0,False,3,1,0,0,2.68,0.46,0.6,1.19,0.4,5,11,69,1,1,0,4,9,5,0,19,1,190.5,203.2,205,2,0,0,4.21,0.52,0.0,0.0,0.0,2,3,15,0,0,0,1,2,0,0,3,0,187.96,190.5,255,29,38,-1,0,3,16,8,54,1,7,5,2.54,12.7,9,-1.53,0.6,1.19,2,175.0,250.0,1800.0,350.0,700.0,500.0
146,-155.0,120,64.51612903,120.0,0,False,3,2,0,0,3.28,0.53,0.4,0.38,0.5,0,2,5,0,0,0,0,0,0,0,0,0,177.8,182.88,250,1,0,0,6.53,0.5,0.4,0.43,0.14,2,1,5,0,0,0,0,2,0,0,2,0,193.04,200.66,265,31,35,1,0,-2,-2,1,0,0,-2,0,-15.24,-17.78,4,-3.25,0.0,-0.05,2,275.0,325.0,1400.0,1400.0,235.0,275.0
162,-165.0,130,60.60606061,130.0,0,False,3,0,1,0,5.52,0.42,0.3,0.48,0.21,1,4,18,0,0,1,2,1,0,0,4,0,190.5,198.12,230,0,2,0,4.88,0.46,0.0,0.0,0.0,2,1,9,0,0,1,1,0,0,0,2,0,182.88,190.5,245,26,32,0,-1,-1,2,3,9,0,1,0,7.62,7.62,6,0.64,0.3,0.48,2,160.0,250.0,1200.0,1200.0,275.0,550.0
163,-118.0,-106,84.74576271,94.33962264,0,False,5,1,0,0,5.1,0.48,0.0,0.14,0.5,5,1,17,0,0,2,0,3,0,0,5,0,190.5,195.58,265,1,0,0,3.15,0.49,0.0,0.0,0.0,4,2,17,0,0,0,0,5,0,0,5,0,187.96,198.12,242,33,30,0,0,1,0,-1,0,0,-2,0,2.54,-2.54,-3,1.95,0.0,0.14,0,525.0,325.0,1800.0,1000.0,135.0,285.0
164,140.0,-177,140.0,56.49717514,1,False,3,0,4,0,3.63,0.5,0.1,1.67,0.45,4,5,36,0,0,0,5,3,0,0,8,0,190.5,198.12,249,2,0,0,3.05,0.39,0.1,0.29,0.28,3,8,26,0,0,0,0,6,0,0,6,1,195.58,195.58,250,37,35,-2,4,1,2,-3,10,0,-3,0,-5.08,2.54,-2,0.58,0.0,1.38,0,650.0,235.0,1400.0,900.0,185.0,250.0
169,-200.0,160,50.0,160.0,1,False,3,3,0,0,1.84,0.39,0.4,2.02,0.34,3,6,25,0,0,0,2,3,2,0,7,0,177.8,185.42,230,1,0,0,4.21,0.52,0.0,0.0,0.0,2,2,12,0,0,0,1,2,0,0,3,0,187.96,190.5,255,29,37,2,0,1,4,4,13,0,1,2,-10.16,-5.08,8,-2.37,0.4,2.02,2,200.0,275.0,1800.0,1000.0,210.0,500.0
177,-178.0,157,56.17977528,157.0,1,False,3,1,0,0,5.59,0.49,0.0,0.53,1.0,1,1,3,0,0,0,0,1,0,0,1,0,193.04,203.2,260,1,0,0,5.15,0.55,0.0,0.0,0.0,1,2,5,0,0,0,0,1,0,0,1,1,182.88,187.96,264,27,29,0,0,0,0,-1,-2,0,0,0,10.16,15.24,2,0.44,0.0,0.53,2,375.0,525.0,1400.0,900.0,110.0,350.0
181,-345.0,285,28.98550725,285.0,0,False,3,0,0,0,4.64,0.38,0.0,0.0,0.0,0,0,0,0,0,0,0,0,0,0,0,0,175.26,190.5,265,1,0,0,3.71,0.42,0.4,0.68,0.35,6,8,51,0,0,2,2,9,2,0,15,0,193.04,198.12,265,39,34,-1,0,-6,-15,-8,-51,0,-9,-2,-17.78,-7.62,-5,0.93,-0.4,-0.68,2,300.0,650.0,500.0,1800.0,100.0,600.0
202,157.0,-177,157.0,56.49717514,1,False,3,1,0,0,3.24,0.54,0.6,1.14,0.66,2,6,18,0,0,0,1,4,1,0,6,0,185.42,190.5,253,1,0,0,3.28,0.45,0.4,0.0,0.0,3,3,13,0,0,1,0,1,2,0,4,0,200.66,203.2,258,34,35,0,0,-1,2,3,5,0,3,-1,-15.24,-12.7,1,-0.04,0.2,1.14,2,575.0,600.0,400.0,600.0,475.0,125.0
232,110.0,-130,110.0,76.92307692,0,False,3,0,1,0,6.0,0.45,0.0,0.0,0.0,2,5,19,0,0,0,1,2,0,0,3,0,193.04,198.12,250,1,0,0,3.62,0.44,0.2,0.45,0.36,6,18,85,5,0,1,7,11,2,0,21,0,190.5,195.58,240,42,31,-1,1,-4,-18,-13,-66,-5,-9,-2,2.54,2.54,-11,2.38,-0.2,-0.45,2,170.0,300.0,1000.0,1600.0,475.0,240.0
249,-310.0,255,68.02721088,255.0,1,False,3,1,0,1,3.38,0.5,0.0,0.51,0.16,0,1,6,0,0,0,0,0,0,0,0,0,190.5,187.96,265,2,0,0,2.46,0.43,0.0,0.0,0.0,2,2,8,0,0,0,0,2,0,0,2,0,182.88,187.96,250,34,37,-1,0,-2,-2,-1,-2,0,-2,0,7.62,0.0,3,0.92,0.0,0.51,2,500.0,600.0,1800.0,1400.0,-160.0,400.0
254,117.0,-137,117.0,72.99270073,1,True,5,0,4,0,2.54,0.41,0.4,0.2,0.33,6,2,20,1,0,0,0,9,1,0,10,0,193.04,210.82,250,0,2,0,4.82,0.53,0.0,1.86,0.34,6,3,44,7,0,0,5,9,0,0,14,0,193.04,203.2,240,38,34,0,2,0,-4,-1,-24,-6,0,1,0.0,7.62,-4,-2.28,0.4,-1.66,0,375.0,1200.0,1400.0,2500.0,250.0,-130.0
268,-430.0,345,23.25581395,345.0,0,False,3,1,0,0,4.33,0.51,0.0,0.0,0.0,0,1,1,0,0,0,0,0,0,0,0,0,187.96,190.5,241,0,1,0,4.38,0.5,0.0,0.0,0.0,3,3,13,0,0,0,1,3,0,0,4,1,187.96,190.5,264,28,32,1,-1,-3,-4,-2,-12,0,-3,0,0.0,0.0,4,-0.05,0.0,0.0,2,600.0,1200.0,2000.0,900.0,-275.0,650.0
300,185.0,-225,185.0,44.0,1,False,5,0,4,0,5.04,0.55,0.5,1.13,0.26,4,0,9,0,0,0,1,1,2,0,4,0,193.04,205.74,245,0,1,0,3.14,0.48,0.0,0.0,0.0,4,1,12,0,0,0,0,5,0,0,5,0,193.04,198.12,242,32,30,0,3,0,-1,-1,-3,0,-4,2,0.0,7.62,-2,1.9,0.5,1.13,0,1100.0,275.0,2500.0,300.0,275.0,190.0
308,-400.0,300,25.0,300.0,1,False,5,0,4,0,2.59,0.5,0.0,0.52,0.26,6,5,2,1,0,0,0,0,0,0,16,0,190.5,200.66,260,1,0,0,3.59,0.53,0.0,6.64,0.54,5,3,2,0,0,0,0,0,0,0,9,0,193.04,203.2,265,30,36,-1,4,1,7,2,0,1,0,0,-2.54,-2.54,6,-1.0,0.0,-6.12,2,400.0,1200.0,550.0,2500.0,-175.0,400.0
311,140.0,-177,140.0,56.49717514,1,False,3,0,3,0,11.78,0.61,0.0,0.0,0.0,3,0,0,0,0,0,0,0,0,0,3,0,190.5,193.04,250,2,0,0,3.47,0.5,2.4,2.38,0.46,2,6,5,0,0,0,0,0,0,0,8,0,187.96,203.2,240,43,31,-2,3,1,-5,-6,-5,0,0,0,2.54,-10.16,-12,8.31,-2.4,-2.38,2,850.0,700.0,225.0,1800.0,1000.0,-135.0
313,200.0,-265,200.0,37.73584906,1,False,3,0,3,0,7.43,0.66,1.8,3.54,1.0,3,0,0,0,0,0,0,0,0,0,3,0,195.58,198.12,256,0,1,0,3.62,0.44,0.2,0.45,0.36,6,18,11,5,0,0,0,0,0,0,22,0,190.5,195.58,240,42,27,0,2,-3,-19,-18,-11,-5,0,0,5.08,2.54,-15,3.81,1.6,3.09,2,350.0,350.0,1200.0,2000.0,900.0,-150.0
330,150.0,-182,150.0,54.94505495,1,False,5,0,1,0,4.76,0.58,0.2,0.69,0.7,4,2,26,0,0,1,2,3,0,0,6,0,200.66,203.2,250,0,2,0,3.71,0.64,0.8,1.44,0.56,11,15,83,1,1,0,4,20,8,0,33,0,193.04,203.2,265,40,32,0,-1,-7,-27,-13,-57,-1,-17,-8,7.62,0.0,-8,1.05,-0.6,-0.75,0,600.0,325.0,1200.0,1200.0,350.0,100.0
368,-190.0,155,52.63157895,155.0,0,False,3,0,1,0,3.86,0.66,0.0,0.0,0.0,1,1,2,0,0,0,0,1,0,0,1,1,182.88,187.96,264,0,1,0,4.07,0.4,0.0,0.0,0.0,1,1,6,0,0,0,1,0,0,0,1,0,182.88,190.5,245,26,27,0,0,0,0,0,-4,0,1,0,0.0,-2.54,1,-0.21,0.0,0.0,2,175.0,600.0,1600.0,2200.0,175.0,275.0
376,-110.0,-110,90.90909091,90.90909091,0,False,3,1,0,0,4.83,0.5,0.0,0.21,0.33,2,3,0,0,0,0,0,0,0,0,6,0,195.58,203.2,265,0,4,0,3.7,0.5,0.1,1.62,0.45,4,5,4,0,0,0,0,0,0,0,8,0,190.5,198.12,249,35,32,1,-4,-2,-2,-2,-4,0,0,0,5.08,5.08,-3,1.13,-0.1,-1.41,2,225.0,550.0,475.0,1800.0,650.0,145.0
387,325.0,-400,325.0,25.0,1,False,3,4,0,0,4.49,0.47,0.1,0.3,0.5,9,8,6,5,0,0,0,0,0,0,15,0,193.04,195.58,238,0,4,0,5.61,0.54,0.7,1.08,0.6,4,0,0,0,0,0,0,0,0,0,4,0,193.04,205.74,245,30,36,4,-4,5,11,8,6,5,0,0,0.0,-10.16,6,-1.12,-0.6,-0.78,2,700.0,225.0,1600.0,1000.0,675.0,-130.0
400,-200.0,160,50.0,160.0,1,False,3,1,0,0,4.15,0.39,0.5,0.71,0.23,1,4,15,0,0,1,1,1,0,0,3,0,190.5,198.12,230,2,0,0,4.32,0.44,0.0,0.49,0.23,3,11,52,0,0,3,2,5,0,0,10,0,190.5,193.04,230,35,32,-1,0,-2,-7,-7,-37,0,-4,0,0.0,5.08,-3,-0.17,0.5,0.22,2,300.0,525.0,1400.0,1000.0,125.0,350.0
403,-200.0,160,50.0,160.0,1,False,3,1,0,0,6.82,0.43,1.2,1.22,1.0,0,1,1,0,0,0,0,0,0,0,0,0,182.88,190.5,265,0,2,0,7.07,0.55,2.9,0.0,0.0,2,0,2,0,0,0,0,2,0,0,2,0,193.04,200.66,265,31,35,1,-2,-2,-2,1,-1,0,-2,0,-10.16,-10.16,4,-0.25,-1.7,1.22,2,650.0,725.0,1400.0,625.0,-150.0,400.0
431,-265.0,205,37.73584906,205.0,0,False,3,1,0,0,0.75,0.46,0.0,0.0,0.0,0,1,2,0,0,0,0,0,0,0,0,0,177.8,182.88,250,2,0,0,4.19,0.45,0.0,0.0,0.0,2,3,11,0,0,0,0,2,0,0,2,0,198.12,205.74,260,28,34,-1,0,-2,-2,-2,-9,0,-2,0,-20.32,-22.86,6,-3.44,0.0,0.0,2,210.0,500.0,2000.0,900.0,130.0,500.0
433,235.0,-305,235.0,32.78688525,0,False,3,0,2,0,4.54,0.54,0.0,0.0,0.0,2,1,9,0,0,0,1,2,0,0,3,0,187.96,190.5,255,0,1,0,3.54,0.44,0.3,0.5,0.36,6,17,80,5,0,1,6,11,2,0,20,0,190.5,195.58,240,41,29,0,1,-4,-17,-16,-71,-5,-9,-2,-2.54,-5.08,-12,1.0,-0.3,-0.5,2,450.0,145.0,1600.0,2500.0,900.0,140.0
444,250.0,-335,250.0,29.85074627,1,False,3,0,1,0,4.48,0.48,0.0,0.0,0.0,2,2,15,0,0,0,1,4,0,0,5,0,195.58,203.2,265,0,1,0,4.31,0.44,0.7,0.0,0.0,3,2,11,0,0,1,0,1,2,0,4,0,200.66,203.2,258,34,32,0,0,-1,1,0,4,0,3,-2,-5.08,0.0,-2,0.17,-0.7,0.0,2,750.0,325.0,600.0,2500.0,700.0,-130.0
455,-190.0,150,52.63157895,150.0,0,False,3,1,0,0,2.97,0.39,0.2,0.32,0.33,3,7,24,0,0,0,0,6,0,0,6,1,195.58,195.58,250,1,0,0,4.65,0.58,0.2,0.72,0.7,4,2,24,0,0,1,2,2,0,0,5,0,200.66,203.2,250,32,37,0,0,-1,1,5,0,0,4,0,-5.08,-7.62,5,-1.68,0.0,-0.4,0,215.0,700.0,800.0,1800.0,250.0,225.0
459,-112.0,-112,89.28571429,89.28571429,1,False,3,3,0,0,4.09,0.48,0.0,0.0,0.0,3,3,12,0,0,0,1,2,0,0,3,1,187.96,190.5,264,1,0,0,3.13,0.47,1.7,0.58,0.5,4,10,45,0,1,0,1,5,6,0,13,0,210.82,213.36,265,32,27,2,0,-1,-10,-7,-33,0,-3,-6,-22.86,-22.86,-5,0.96,-1.7,-0.58,2,325.0,600.0,250.0,4000.0,750.0,150.0
477,-159.0,130,62.89308176,130.0,1,False,3,0,2,0,3.32,0.5,0.1,1.69,0.48,3,5,31,0,0,0,4,2,0,0,6,0,190.5,198.12,249,0,2,0,3.37,0.43,0.3,0.68,0.33,6,7,48,0,0,2,2,9,2,0,15,0,193.04,198.12,265,38,34,0,0,-3,-9,-2,-17,0,-7,-2,-2.54,0.0,-4,-0.05,-0.2,1.01,2,230.0,275.0,750.0,1600.0,225.0,650.0
479,-560.0,400,17.85714286,400.0,0,False,3,0,0,0,0.0,0.0,0.0,0.0,0.0,0,0,0,0,0,0,0,0,0,0,0,0,190.5,190.5,205,0,1,0,13.33,0.1,0.0,0.0,0.0,1,0,1,0,0,0,0,1,0,0,1,0,195.58,198.12,256,27,30,0,-1,-1,-1,0,-1,0,-1,0,-5.08,-7.62,3,-13.33,0.0,0.0,2,600.0,1100.0,450.0,2000.0,-190.0,700.0
482,205.0,-265,205.0,37.73584906,0,False,3,0,1,0,4.44,0.56,2.9,2.9,1.0,1,0,2,0,0,0,0,0,1,0,1,0,187.96,203.2,246,0,1,0,8.28,0.62,0.0,0.0,0.0,1,0,1,0,0,0,0,1,0,0,1,0,190.5,193.04,250,31,27,0,0,0,0,0,1,0,-1,1,-2.54,10.16,-4,-3.84,2.9,2.9,2,1100.0,475.0,1600.0,-110.0,315.0,750.0
489,-265.0,205,37.73584906,205.0,1,False,3,1,0,0,2.93,0.36,0.0,0.0,0.0,0,1,3,0,0,0,0,0,0,0,0,0,182.88,190.5,245,1,0,0,2.19,0.41,0.0,0.0,0.0,1,1,4,0,0,0,0,1,0,0,1,0,182.88,187.96,250,33,25,0,0,-1,-1,0,-1,0,-1,0,0.0,2.54,-8,0.74,0.0,0.0,2,350.0,750.0,2000.0,1600.0,100.0,400.0
507,-305.0,233,32.78688525,233.0,0,False,3,2,0,0,4.34,0.51,0.0,0.78,0.5,0,2,7,0,0,0,0,0,0,0,0,0,187.96,195.58,250,0,1,0,6.11,0.95,8.3,8.33,1.0,1,0,1,1,0,0,0,0,1,0,1,0,193.04,208.28,250,39,32,2,-1,-1,-1,2,6,-1,0,-1,-5.08,-12.7,-7,-1.77,-8.3,-7.55,2,310.0,425.0,115.0,2200.0,650.0,737.0
529,-360.0,275,27.77777778,275.0,0,False,3,0,0,0,0.0,0.0,0.0,0.0,0.0,0,0,0,0,0,0,0,0,0,0,0,0,177.8,177.8,250,0,0,0,0.0,0.0,0.0,0.0,0.0,0,0,0,0,0,0,0,0,0,0,0,1,187.96,190.5,262,29,34,0,0,0,0,0,0,0,0,0,-10.16,-12.7,5,0.0,0.0,0.0,2,580.0,925.0,400.0,2500.0,-150.0,540.0
534,-159.0,130,62.89308176,130.0,0,False,5,0,4,0,5.45,0.46,0.0,0.19,0.5,4,0,10,0,0,2,0,2,0,0,4,0,190.5,195.58,265,0,1,0,3.66,0.63,0.9,1.4,0.54,11,15,78,3,1,0,4,19,8,0,32,0,193.04,203.2,265,40,29,0,3,-7,-28,-15,-68,-3,-17,-8,-2.54,-7.62,-11,1.79,-0.9,-1.21,0,300.0,400.0,800.0,1125.0,140.0,210.0
560,-106.0,-112,94.33962264,89.28571429,0,True,5,1,0,0,4.25,0.52,0.5,1.95,0.44,12,2,58,10,0,1,6,8,4,0,19,0,180.34,182.88,235,0,1,0,4.95,0.52,0.0,2.2,0.37,6,3,39,6,0,0,4,9,0,0,13,0,193.04,203.2,240,37,41,1,-1,6,6,-1,19,4,-1,4,-12.7,-20.32,4,-0.7,0.5,-0.25,0,400.0,325.0,2000.0,600.0,155.0,250.0
562,115.0,-143,115.0,69.93006993,1,False,3,1,0,0,3.84,0.48,0.0,0.0,0.0,4,1,10,0,0,0,0,4,0,0,4,0,193.04,198.12,242,2,0,0,4.66,0.48,0.1,0.33,0.55,9,6,54,5,0,0,5,10,0,0,15,0,193.04,195.58,238,36,32,-1,0,-5,-11,-5,-44,-5,-6,0,0.0,2.54,-4,-0.82,-0.1,-0.33,0,350.0,600.0,800.0,3000.0,300.0,100.0
569,-106.0,-118,94.33962264,84.74576271,0,False,3,0,0,0,8.54,0.47,1.9,1.91,1.0,0,0,0,0,0,0,0,0,0,0,0,0,172.0,172.0,260,0,0,0,0.0,0.0,0.0,0.0,0.0,0,0,0,0,0,0,0,0,0,0,0,0,187.96,187.96,256,30,30,0,0,0,0,0,0,0,0,0,-187.96,-187.96,0,8.54,1.9,1.91,2,550.0,500.0,1125.0,700.0,190.0,180.0
570,-200.0,160,50.0,160.0,0,False,5,0,2,0,3.72,0.5,2.2,2.41,0.46,2,4,19,0,0,1,0,1,6,0,8,0,187.96,203.2,240,0,2,0,2.53,0.49,0.0,0.48,0.24,6,5,44,1,0,2,2,10,0,0,14,0,190.5,200.66,260,35,43,0,0,-4,-6,-1,-25,-1,-9,6,-2.54,2.54,8,1.19,2.2,1.93,0,700.0,800.0,2000.0,180.0,-155.0,700.0
591,260.0,-335,260.0,29.85074627,0,False,3,2,0,0,4.02,0.4,0.4,1.56,0.39,6,6,42,3,0,0,3,5,2,0,10,0,195.58,200.66,205,2,0,0,3.61,0.52,1.1,1.71,0.31,6,9,71,3,0,0,6,6,10,0,22,0,193.04,195.58,231,42,33,0,0,0,-12,-3,-29,0,-1,-8,2.54,5.08,-9,0.41,-0.7,-0.15,1,600.0,170.0,550.0,1400.0,900.0,120.0
598,-278.0,220,35.97122302,220.0,0,False,3,0,1,0,4.15,0.39,0.5,0.72,0.23,1,3,14,0,0,1,1,1,0,0,3,0,190.5,198.12,205,0,0,0,0.0,0.0,0.0,0.0,0.0,0,0,0,0,0,0,0,0,0,0,0,0,195.58,195.58,256,27,31,0,1,1,3,3,14,0,1,0,-5.08,2.54,4,4.15,0.5,0.72,2,350.0,375.0,800.0,1125.0,-110.0,900.0
600,-278.0,220,35.97122302,220.0,0,False,3,0,1,0,2.4,0.25,0.0,0.0,0.0,1,1,4,0,0,0,1,0,0,0,1,0,190.5,198.12,262,0,1,0,4.28,0.5,0.0,0.0,0.0,1,1,7,0,0,0,1,1,0,0,2,0,187.96,190.5,255,28,31,0,0,0,-1,0,-3,0,-1,0,2.54,7.62,3,-1.88,0.0,0.0,2,-110.0,450.0,2000.0,1250.0,240.0,600.0
636,-112.0,-112,89.28571429,89.28571429,0,False,3,0,0,0,0.0,0.0,0.0,0.0,0.0,0,0,0,0,0,0,0,0,0,0,0,0,190.5,198.12,265,0,1,0,3.52,0.5,0.1,1.54,0.5,3,5,28,0,0,0,3,2,0,0,5,0,190.5,198.12,249,34,36,0,-1,-3,-5,-5,-28,0,-2,0,0.0,0.0,-2,-3.52,-0.1,-1.54,2,200.0,300.0,700.0,1200.0,400.0,200.0
643,180.0,-230,180.0,43.47826087,1,False,3,2,0,0,4.19,0.44,0.5,0.0,0.0,3,2,8,0,0,1,0,1,1,0,3,0,200.66,203.2,258,1,0,0,4.26,0.42,0.0,0.53,0.23,3,10,49,0,0,3,2,5,0,0,10,0,190.5,193.04,205,34,33,1,0,0,-7,-8,-41,0,-4,1,10.16,10.16,-1,-0.07,0.5,-0.53,2,400.0,325.0,900.0,575.0,500.0,-115.0
646,-112.0,-112,89.28571429,89.28571429,1,False,3,1,0,0,4.17,0.49,0.0,0.0,0.0,1,1,6,0,0,0,1,0,0,0,1,0,187.96,190.5,255,1,0,0,2.73,0.41,0.0,0.0,0.0,0,1,3,0,0,0,0,0,0,0,0,0,187.96,198.12,240,34,28,0,0,1,1,0,3,0,0,0,0.0,-7.62,-6,1.44,0.0,0.0,2,220.0,155.0,1500.0,2500.0,300.0,550.0
651,-400.0,325,25.0,325.0,0,False,5,0,1,0,5.36,0.6,0.2,0.75,0.75,4,1,19,0,0,1,2,2,0,0,5,0,200.66,203.2,250,0,3,0,3.74,0.51,0.0,6.63,0.55,5,2,25,0,0,0,3,5,0,0,8,0,193.04,203.2,265,29,31,0,-2,-1,-3,-1,-6,0,-3,0,7.62,0.0,2,1.62,0.2,-5.88,0,539.0,800.0,1150.0,2000.0,-230.0,483.0
686,-105.0,-115,95.23809524,86.95652174,1,False,3,0,3,0,5.51,0.46,0.0,0.24,0.5,3,0,7,0,0,1,0,2,0,0,3,0,190.5,195.58,265,1,0,0,3.09,0.38,0.2,1.07,0.62,2,2,14,0,0,0,2,0,0,0,2,1,180.34,185.42,250,33,29,-1,3,1,1,-2,-7,0,2,0,10.16,10.16,-4,2.42,-0.2,-0.83,0,245.0,175.0,610.0,4785.0,515.0,382.0
696,135.0,-155,135.0,64.51612903,0,False,5,1,0,0,2.97,0.39,0.2,0.32,0.33,3,7,22,0,0,0,0,0,0,0,6,1,195.58,195.58,250,0,1,0,3.66,0.63,0.9,1.4,0.54,11,15,76,3,0,0,0,0,0,0,32,0,193.04,203.2,265,39,36,1,-1,-8,-26,-8,-54,-3,0,0,2.54,-7.62,-3,-0.69,-0.7,-1.08,0,545.0,850.0,617.0,3500.0,290.0,-116.0
706,-115.0,-105,86.95652174,95.23809524,0,False,3,2,0,0,4.19,0.45,0.0,0.0,0.0,0,2,3,0,0,0,0,0,0,0,0,0,198.12,205.74,260,0,1,0,4.44,0.56,2.9,2.9,1.0,1,0,0,0,0,0,0,0,0,0,1,0,187.96,203.2,246,27,28,2,-1,-1,-1,2,3,0,0,0,10.16,2.54,1,-0.25,-2.9,-2.9,2,490.0,480.0,210.0,4000.0,700.0,165.0
708,112.0,-132,112.0,75.75757576,0,False,3,0,1,0,2.59,0.46,0.6,1.34,0.4,5,9,62,1,1,0,4,8,5,0,18,1,190.5,203.2,230,0,1,0,3.34,0.42,0.3,0.66,0.33,6,7,45,0,0,1,2,9,2,0,14,0,193.04,198.12,265,38,37,0,0,-1,4,2,17,1,-1,3,-2.54,5.08,-1,-0.75,0.3,0.68,2,335.0,340.0,602.0,380.0,350.0,365.0
711,130.0,-150,130.0,66.66666667,0,False,3,0,0,0,0.0,0.0,0.0,0.0,0.0,0,0,0,0,0,0,0,0,0,0,0,0,187.96,198.12,240,1,0,0,3.55,0.44,0.3,0.52,0.36,6,17,77,5,0,1,5,11,2,0,19,0,190.5,195.58,240,41,34,-1,0,-6,-19,-17,-77,-5,-11,-2,-2.54,2.54,-7,-3.55,-0.3,-0.52,2,355.0,422.0,2050.0,1300.0,475.0,-120.0
716,-160.0,140,62.5,140.0,0,False,3,0,0,0,0.0,0.0,0.0,0.0,0.0,0,0,0,0,0,0,0,0,0,0,0,0,185.42,185.42,225,3,0,0,5.81,0.43,0.0,0.0,0.0,2,5,17,0,0,0,1,1,0,0,2,0,193.04,198.12,250,30,36,-3,0,-2,-2,-5,-17,0,-1,0,-7.62,-12.7,6,-5.81,0.0,0.0,2,330.0,550.0,1700.0,3500.0,150.0,235.0
721,270.0,-330,270.0,30.303030300000003,0,False,3,1,0,0,3.61,0.51,1.1,1.65,0.3,6,8,68,3,0,0,6,6,10,0,22,0,193.04,195.58,231,0,1,0,3.08,0.5,2.8,3.01,0.46,2,4,16,0,0,0,0,1,6,0,7,0,187.96,203.2,240,42,41,-1,-1,4,15,-4,52,3,5,4,5.08,-7.62,1,0.53,-1.7,-1.36,0,1065.0,335.0,667.0,375.0,539.0,145.0
726,-265.0,225,37.73584906,225.0,0,False,3,0,4,0,3.72,0.46,0.0,0.0,0.0,4,0,9,0,0,0,0,4,0,0,4,0,193.04,198.12,242,0,3,0,2.15,0.37,0.5,0.0,0.0,6,2,18,1,0,0,0,8,1,0,9,0,193.04,210.82,250,33,32,0,1,-2,-5,2,-9,-1,-4,-1,0.0,-12.7,1,1.57,-0.5,0.0,0,750.0,475.0,617.0,4000.0,-145.0,455.0
728,-200.0,170,50.0,170.0,0,False,3,0,1,0,3.58,0.53,0.0,0.0,0.0,1,0,1,0,0,0,0,1,0,0,1,0,182.88,187.96,250,1,0,0,4.77,0.49,0.0,0.0,0.0,2,2,10,0,0,0,0,2,0,0,2,0,195.58,203.2,265,31,33,1,1,-1,-1,2,-9,0,-1,0,-12.7,-15.24,-2,-1.19,0.0,0.0,2,245.0,655.0,1850.0,2550.0,125.0,280.0
766,130.0,-150,130.0,66.66666667,1,False,3,1,0,0,3.55,0.54,0.8,0.78,0.6,2,5,16,0,0,1,1,3,1,0,5,0,185.42,190.5,253,0,0,0,2.22,0.31,0.0,0.0,0.0,0,0,3,0,0,0,0,0,0,0,0,1,175.26,182.88,265,30,34,-1,0,2,5,-5,13,0,3,1,10.16,7.62,-4,1.33,0.8,0.78,2,700.0,230.0,1800.0,500.0,200.0,360.0
775,-220.0,180,45.45454545,180.0,0,False,5,0,3,0,4.66,0.48,0.1,0.33,0.55,9,4,51,5,0,0,5,10,0,0,15,0,193.04,195.58,238,0,2,0,2.15,0.37,0.5,0.0,0.0,6,2,21,1,0,0,0,7,1,0,8,0,193.04,210.82,250,32,35,0,1,3,7,-2,30,4,3,-1,0.0,-15.24,-3,2.51,-0.4,0.33,0,900.0,600.0,2000.0,1400.0,-180.0,300.0
786,-125.0,105,80.0,105.0,0,False,3,3,0,0,3.98,0.51,0.0,1.54,0.37,1,3,7,0,0,0,0,1,0,0,1,0,190.5,187.96,264,0,2,0,4.19,0.44,0.5,0.0,0.0,2,0,4,0,0,1,0,0,1,0,2,0,200.66,203.2,258,32,28,-3,-2,-1,-1,-3,3,0,1,-1,-10.16,-15.24,4,-0.21,-0.5,1.54,2,275.0,425.0,500.0,925.0,325.0,240.0
795,190.0,-230,190.0,43.47826087,1,False,3,0,1,0,3.72,0.46,0.0,0.0,0.0,1,0,2,0,0,0,0,1,0,0,1,0,193.04,198.12,242,0,1,0,2.95,0.51,1.2,1.85,0.33,1,1,3,0,0,0,0,0,0,0,1,0,190.5,193.04,245,29,31,0,0,0,0,1,-1,0,1,0,2.54,5.08,-2,0.77,-1.2,-1.85,2,400.0,698.0,800.0,2250.0,643.0,-138.0
835,130.0,-150,130.0,66.66666667,1,False,3,0,1,0,2.96,0.38,0.2,0.35,0.33,2,6,21,0,0,0,0,5,0,0,5,1,195.58,195.58,250,1,0,0,3.08,0.5,2.8,3.01,0.46,2,3,13,0,0,0,0,1,5,0,6,0,187.96,203.2,240,42,36,1,1,0,-1,-3,8,0,4,-5,7.62,-7.62,6,-0.12,-2.6,-2.66,0,850.0,690.0,190.0,2000.0,1315.0,-135.0
836,-105.0,-115,95.23809524,86.95652174,0,False,3,1,0,0,7.09,0.55,0.0,0.91,0.66,1,1,6,0,0,0,0,1,0,0,1,0,195.58,203.2,265,0,1,0,4.77,0.49,0.0,0.0,0.0,1,1,3,0,0,0,0,1,0,0,1,0,195.58,203.2,265,30,27,-1,-1,0,0,0,3,0,0,0,0.0,0.0,3,2.32,0.0,0.91,2,650.0,460.0,2400.0,1400.0,130.0,185.0
839,155.0,-175,155.0,57.14285714,0,False,3,2,0,0,3.34,0.42,0.3,0.66,0.33,6,6,40,0,0,1,2,8,2,0,13,0,193.04,198.12,265,3,0,0,3.55,0.44,0.3,0.52,0.36,6,16,73,5,0,1,5,11,2,0,18,0,190.5,195.58,240,40,37,1,0,0,-5,10,-33,-5,-3,0,2.54,2.54,3,-0.21,0.0,0.14,2,265.0,235.0,1460.0,650.0,620.0,175.0
872,-240.0,200,41.66666667,200.0,1,False,3,1,0,0,2.77,0.66,0.0,0.0,0.0,0,1,1,0,0,0,0,0,0,0,0,1,182.88,187.96,264,2,0,0,7.32,0.55,0.0,0.97,0.66,1,2,7,0,0,0,0,1,0,0,1,0,195.58,203.2,265,28,26,1,0,-1,-1,1,-6,0,-1,0,-12.7,-15.24,2,-4.55,0.0,-0.97,2,400.0,700.0,1200.0,1550.0,100.0,305.0
874,-225.0,185,44.44444444,185.0,0,False,3,2,0,0,2.29,0.4,0.5,1.85,0.3,3,5,22,0,0,0,2,3,2,0,7,0,177.8,185.42,205,0,1,0,2.63,0.49,0.0,0.52,0.25,6,5,41,1,0,2,1,10,0,0,13,0,190.5,200.66,260,35,36,-2,-1,-3,-6,0,-19,-1,-7,2,-12.7,-15.24,-1,-0.34,0.5,1.33,0,475.0,425.0,2000.0,700.0,-145.0,550.0
895,-145.0,125,68.96551724,125.0,1,True,5,1,0,0,4.95,0.52,0.0,2.2,0.37,6,3,35,6,0,0,4,8,0,0,12,0,193.04,203.2,240,0,7,0,4.25,0.52,0.5,1.95,0.44,12,1,54,8,0,1,6,8,4,0,19,0,180.34,182.88,235,40,36,-1,-7,-6,-7,-2,-19,-2,0,-4,12.7,20.32,4,0.7,-0.5,0.25,0,430.0,485.0,600.0,3000.0,175.0,190.0
921,-550.0,425,18.18181818,425.0,0,False,3,0,3,0,2.45,0.44,0.2,1.23,0.24,3,2,17,0,0,1,2,2,0,0,5,0,190.5,193.04,235,0,1,0,3.74,0.51,0.0,6.63,0.55,5,2,21,0,0,0,3,3,0,0,6,0,193.04,203.2,265,28,38,0,2,-2,-1,0,-4,0,-1,0,-2.54,-10.16,-10,-1.29,0.2,-5.4,0,180.0,1000.0,1200.0,1400.0,100.0,700.0
935,105.0,-125,105.0,80.0,1,False,3,0,2,0,5.51,0.46,0.0,0.24,0.5,2,0,6,0,0,1,0,1,0,0,2,0,190.5,195.58,265,1,0,0,3.61,0.51,0.1,1.48,0.61,3,4,24,0,0,0,2,2,0,0,4,0,190.5,198.12,249,33,28,1,2,-1,-2,4,-18,0,-1,0,0.0,-2.54,5,1.9,-0.1,-1.24,0,200.0,245.0,800.0,1500.0,642.0,225.0
968,-105.0,-115,95.23809524,86.95652174,1,False,3,0,0,0,3.58,0.53,0.0,0.0,0.0,0,0,0,0,0,0,0,0,0,0,0,0,182.88,187.96,250,0,0,0,2.77,0.66,0.0,0.0,0.0,0,0,0,0,0,0,0,0,0,0,0,1,182.88,187.96,264,25,32,0,0,0,0,0,0,0,0,0,0.0,0.0,-7,0.81,0.0,0.0,2,685.0,560.0,1800.0,1700.0,130.0,170.0
1012,125.0,-145,125.0,68.96551724,1,False,3,0,0,0,4.17,0.49,0.0,0.0,0.0,0,0,0,0,0,0,0,0,0,0,0,0,187.96,190.5,255,1,0,0,2.6,0.35,0.0,0.74,0.66,1,2,6,0,0,0,0,1,0,0,1,0,200.66,208.28,245,29,28,1,0,-1,-1,2,-6,0,-1,0,-12.7,-17.78,1,1.57,0.0,-0.74,2,345.0,145.0,825.0,2500.0,430.0,400.0
1016,-325.0,265,30.76923077,265.0,0,False,3,0,0,0,4.25,0.44,0.0,0.0,0.0,0,0,0,0,0,0,0,0,0,0,0,0,198.12,205.74,260,0,1,0,5.12,0.49,0.9,1.32,0.6,1,0,1,0,0,0,0,0,1,0,1,0,193.04,205.74,245,29,27,0,-1,-1,-1,0,-1,0,0,-1,5.08,0.0,2,-0.87,-0.9,-1.32,2,500.0,800.0,550.0,2000.0,-120.0,450.0
1021,200.0,-240,200.0,41.66666667,1,False,3,0,1,0,6.55,0.52,0.0,0.0,0.0,1,1,2,0,0,0,0,1,0,0,1,1,190.5,213.36,257,0,3,0,4.19,0.44,0.5,0.0,0.0,3,0,5,0,0,1,0,1,1,0,3,0,200.66,203.2,258,33,27,0,-2,-2,-2,-1,-3,0,0,-1,-10.16,10.16,6,2.36,-0.5,0.0,0,500.0,400.0,885.0,1700.0,490.0,-110.0
1111,-160.0,140,62.5,140.0,1,False,3,0,1,0,61.5,0.31,0.0,0.0,0.0,1,1,8,0,0,0,1,0,0,0,1,1,180.34,185.42,250,1,0,0,32.5,0.545,0.0,0.0,0.0,3,1,7,0,0,0,1,2,0,0,3,1,187.96,190.5,264,26,32,1,1,-2,-2,0,1,0,-2,0,-7.62,-5.08,-6,29.0,0.0,0.0,0,300.0,300.0,1400.0,600.0,175.0,450.0
1167,115.0,-135,115.0,74.07407407,0,False,3,0,1,0,86.0,0.59,0.0,2.0,1.0,1,0,3,0,0,0,0,1,0,0,1,0,195.58,203.2,265,0,1,0,26.66666667,0.51,0.0,1.333333333,0.72,1,1,8,0,0,0,2,0,0,0,2,0,185.42,190.5,245,32,27,0,0,0,-1,1,-5,0,1,0,10.16,12.7,5,59.33333333,0.0,0.666666667,2,175.0,385.0,1050.0,1800.0,600.0,150.0
1170,-290.0,245,34.48275862,245.0,0,False,3,2,0,0,9.5,0.455,0.0,0.0,0.0,0,2,3,0,0,0,0,0,0,0,0,2,187.96,187.96,253,1,0,0,29.0,0.45,0.0,0.0,0.0,0,1,2,0,0,0,0,0,0,0,0,0,195.58,203.2,265,30,36,-1,0,0,0,-1,1,0,0,0,-7.62,-15.24,-6,-19.5,0.0,0.0,2,1000.0,1000.0,2200.0,650.0,-250.0,600.0
1176,145.0,-165,145.0,60.60606061,1,False,3,0,1,0,111.0,0.5,0.0,1.0,1.0,1,0,3,0,0,0,0,1,0,0,1,0,190.5,195.58,265,3,0,0,26.75,0.453928571,0.17857142899999998,0.321428571,0.12857142900000001,7,12,59,5,0,1,4,9,2,0,16,0,190.5,195.58,240,40,27,3,1,-6,-15,12,-56,-5,-8,-2,0.0,0.0,13,84.25,-0.17857142899999998,0.6785714290000001,0,175.0,225.0,1400.0,1200.0,700.0,200.0
1182,-245.0,205,40.81632653,205.0,0,False,5,0,2,0,17.25,0.45125,1.0,1.125,0.22125,2,2,12,0,0,0,0,1,5,0,6,0,187.96,203.2,240,0,1,0,29.46666667,0.688666667,0.2,0.26666666699999997,0.2,4,6,29,1,1,0,2,6,0,0,9,0,193.04,203.2,265,38,41,0,1,-2,-3,4,-17,-1,-5,5,-5.08,0.0,-3,-12.21666667,0.8,0.8583333329999999,0,900.0,1200.0,1400.0,500.0,-175.0,500.0
1184,-300.0,250,33.33333333,250.0,0,False,3,2,0,0,45.66666667,0.6,0.333333333,0.333333333,0.333333333,1,2,7,0,0,0,0,0,1,0,1,0,190.5,190.5,249,1,0,0,13.0,0.4,0.0,0.0,0.0,0,1,1,0,0,0,0,0,0,0,0,1,190.5,213.36,257,26,26,-1,0,1,1,-1,6,0,0,1,0.0,-22.86,0,32.66666667,0.333333333,0.333333333,2,284.0,465.0,1850.0,1185.0,102.0,575.0
1190,-135.0,115,74.07407407,115.0,1,False,3,0,2,0,28.5,0.46,0.166666667,1.166666667,0.163333333,2,2,15,0,0,1,2,1,0,0,4,0,190.5,193.04,235,0,1,0,52.71428571,0.5371428570000001,0.14285714300000002,1.571428571,0.528571429,3,3,22,0,0,0,2,2,0,0,4,0,190.5,198.12,249,33,37,0,1,-1,0,1,-7,0,-1,0,0.0,-5.08,-4,-24.21428571,0.023809524,-0.404761904,0,195.0,170.0,614.0,1425.0,345.0,880.0
1220,-275.0,235,36.36363636,235.0,0,False,3,0,4,0,52.25,0.5825,0.0,1.0,0.3125,4,0,10,0,0,0,3,1,0,0,4,1,185.42,198.12,264,1,0,0,38.25,0.4925,0.0,4.125,0.58375,4,3,18,0,0,0,2,2,0,1,5,0,193.04,203.2,265,28,31,1,4,0,-1,3,-8,0,-2,0,-7.62,-5.08,-3,14.0,0.0,-3.125,0,180.0,600.0,900.0,1800.0,150.0,400.0
1243,200.0,-240,200.0,41.66666667,1,False,5,0,2,0,57.5,0.513888889,0.055555556,0.27777777800000003,0.194444444,9,4,49,5,0,0,5,9,0,0,14,0,193.04,195.58,238,1,0,0,26.1875,0.53625,0.0,0.3125,0.208125,6,4,36,1,0,1,1,10,0,0,12,0,190.5,200.66,260,34,35,1,2,3,2,0,13,4,-1,0,2.54,-5.08,-1,31.3125,0.055555556,-0.034722222000000004,0,1000.0,300.0,2500.0,800.0,180.0,125.0
1246,100.0,-120,100.0,83.33333333,0,False,3,1,0,0,27.6,0.425,0.4,0.7,0.085,4,4,23,0,0,0,1,3,2,0,6,0,193.04,198.12,265,1,0,0,51.0,0.22,0.0,0.0,0.0,0,1,5,0,0,0,0,0,0,0,0,1,180.34,185.42,250,32,37,0,0,4,6,-3,18,0,3,2,12.7,12.7,-5,-23.4,0.4,0.7,2,260.0,330.0,1000.0,500.0,300.0,375.0
1269,-115.0,-105,86.95652174,95.23809524,0,False,3,0,1,0,14.75,0.55,0.375,0.375,0.075,2,3,11,0,0,0,1,3,1,0,5,0,185.42,190.5,253,3,0,0,24.71428571,0.44857142899999997,0.9523809520000001,0.28571428600000004,0.214285714,4,9,41,0,1,0,1,5,5,0,12,0,210.82,213.36,265,31,33,3,1,-2,-7,6,-30,0,-2,-4,-25.4,-22.86,-2,-9.96428571,-0.5773809520000001,0.089285714,0,750.0,300.0,175.0,1500.0,450.0,265.0
1281,175.0,-210,175.0,47.61904762,0,False,5,0,1,0,51.28571429,0.5928571429999999,0.214285714,2.4285714290000002,0.43285714299999994,7,2,28,6,0,0,2,10,0,0,12,0,185.42,195.58,240,0,1,0,14.33333333,0.507777778,0.222222222,0.0,0.0,6,2,17,1,0,0,0,5,1,1,7,0,193.04,210.82,250,32,36,0,0,1,5,0,11,5,4,-1,-7.62,-15.24,-4,36.95238096,-0.007936508,2.4285714290000002,0,1460.0,475.0,1525.0,500.0,160.0,160.0
1367,-160.0,140,62.5,140.0,0,False,5,0,3,0,38.0,0.6,0.0,0.0,0.0,3,0,5,0,0,0,1,2,0,0,3,1,187.96,190.5,264,0,1,0,59.35294118,0.520588235,0.058823529000000006,0.294117647,0.20588235300000002,9,4,47,5,0,0,5,8,0,0,13,0,193.04,195.58,238,34,25,0,2,-6,-10,4,-42,-5,-6,0,-5.08,-5.08,9,-21.35294118,-0.058823529000000006,-0.294117647,0,275.0,950.0,1000.0,1800.0,175.0,180.0
1369,-110.0,-110,90.90909091,90.90909091,1,False,3,0,3,0,50.0,0.586666667,0.0,1.333333333,0.41666666700000005,3,0,7,0,0,0,2,1,0,0,3,1,185.42,198.12,264,2,0,0,27.05882353,0.417058824,0.058823529000000006,0.41176470600000004,0.2,4,9,43,1,0,0,1,7,0,0,8,0,177.8,182.88,265,44,31,2,3,-1,-5,9,-36,-1,-6,0,7.62,15.24,13,22.94117647,-0.058823529000000006,0.9215686270000001,0,700.0,260.0,1600.0,1000.0,145.0,250.0
1392,-240.0,200,41.66666667,200.0,1,False,5,2,0,0,14.5,0.47625,0.25,0.0,0.0,6,2,16,1,0,0,0,4,1,1,6,0,193.04,210.82,250,0,4,0,43.57142857,0.545714286,0.0,4.714285714,0.667142857,4,2,17,0,0,0,2,2,0,1,5,0,193.04,203.2,265,27,32,-2,-4,2,1,0,-1,1,2,1,0.0,7.62,-5,-29.07142857,0.25,-4.714285714,0,450.0,1600.0,1000.0,1600.0,-110.0,210.0
1428,-380.0,315,26.31578947,315.0,0,True,5,0,3,0,27.66666667,0.552,0.0,0.333333333,0.222,6,3,34,0,0,1,1,10,0,0,12,0,190.5,200.66,260,0,2,0,50.5,0.549166667,0.583333333,1.4166666669999999,0.370833333,4,2,34,7,0,1,3,3,3,0,10,0,180.34,182.88,235,39,33,0,1,2,2,-1,0,-7,7,-3,10.16,17.78,6,-22.83333333,-0.583333333,-1.083333334,0,1040.0,2000.0,150.0,3300.0,125.0,375.0
1450,-160.0,140,62.5,140.0,0,False,3,1,0,0,47.0,0.655,0.5,0.5,0.5,1,1,4,0,0,0,0,0,1,0,1,0,190.5,190.5,249,1,0,0,16.5,0.49,0.0,1.5,0.83,1,1,5,0,0,0,1,0,0,0,1,0,185.42,190.5,245,32,26,0,0,0,0,0,-1,0,0,1,5.08,0.0,6,30.5,0.5,-1.0,2,240.0,425.0,650.0,870.0,315.0,340.0
1455,135.0,-155,135.0,64.51612903,0,False,3,0,4,0,87.5,0.565,0.0,1.25,0.625,4,0,13,0,0,1,1,2,0,0,4,0,200.66,203.2,250,0,2,0,26.85714286,0.552142857,0.0,0.35714285700000004,0.23785714300000002,6,3,31,0,0,1,1,9,0,0,11,0,190.5,200.66,260,33,29,0,2,-2,-7,3,-18,0,-7,0,10.16,2.54,4,60.64285714,0.0,0.892857143,0,750.0,145.0,2500.0,1200.0,175.0,250.0
1477,-120.0,100,83.33333333,100.0,1,False,5,0,1,0,19.28571429,0.5,1.0,1.142857143,0.224285714,2,2,11,0,0,0,0,1,4,0,5,0,187.96,203.2,240,1,0,0,28.375,0.429375,0.0625,0.4375,0.2125,4,8,42,1,0,0,1,7,0,0,8,0,177.8,182.88,265,44,41,1,1,-2,-3,6,-31,-1,-6,4,10.16,20.32,3,-9.08928571,0.9375,0.705357143,0,1094.0,950.0,2800.0,165.0,111.0,875.0
1479,120.0,-140,120.0,71.42857143,1,False,3,0,1,0,27.8,0.462,0.2,1.0,0.096,2,2,12,0,0,1,1,1,0,0,3,0,190.5,193.04,235,1,0,0,26.42307692,0.458846154,0.192307692,0.269230769,0.11307692300000001,7,10,53,5,0,1,4,9,2,0,16,0,190.5,195.58,240,39,37,1,1,-5,-13,8,-41,-5,-8,-2,0.0,-2.54,2,1.37692308,0.007692308,0.7307692309999999,0,200.0,205.0,1900.0,1250.0,605.0,258.0
1543,-190.0,165,52.63157895,165.0,0,False,3,2,0,0,24.4,0.4515,1.0,0.3,0.225,4,8,38,0,1,0,1,5,5,0,12,0,210.82,213.36,265,2,0,0,54.66666667,0.526666667,0.166666667,1.0,0.498333333,3,3,19,0,0,0,1,2,0,0,3,0,190.5,198.12,249,32,30,0,0,1,9,-5,19,0,3,5,20.32,15.24,2,-30.26666667,0.833333333,-0.7,0,200.0,700.0,650.0,725.0,225.0,425.0
1566,-160.0,140,62.5,140.0,1,True,5,0,1,0,52.81818182,0.538181818,0.636363636,1.545454545,0.404545455,4,2,33,6,0,1,3,2,3,0,9,0,180.34,182.88,235,0,6,0,49.71428571,0.537857143,0.0,1.642857143,0.374285714,6,2,34,4,0,0,4,8,0,0,12,0,193.04,203.2,240,35,39,0,-5,-2,-3,0,-1,2,-6,3,-12.7,-20.32,-4,3.10389611,0.636363636,-0.097402598,0,215.0,363.0,2500.0,775.0,155.0,617.0
1567,-310.0,255,32.25806452,255.0,1,False,3,0,1,0,27.38461538,0.566153846,0.0,0.384615385,0.256153846,6,3,28,0,0,1,0,9,0,0,10,0,190.5,200.66,260,1,0,0,15.0,0.511428571,0.28571428600000004,0.0,0.0,6,1,13,1,0,0,0,4,1,1,6,0,193.04,210.82,250,31,33,1,1,0,4,-2,15,-1,4,-1,-2.54,-10.16,-2,12.38461538,-0.28571428600000004,0.384615385,0,635.0,1050.0,725.0,2250.0,-165.0,390.0
1605,190.0,-230,190.0,43.47826087,1,False,3,0,2,0,30.0,0.675,0.0,0.0,0.0,2,0,2,0,0,0,0,2,0,0,2,1,187.96,190.5,264,0,2,0,25.44,0.4612,0.2,0.28,0.1176,7,9,50,5,0,1,4,9,2,0,16,0,190.5,195.58,240,39,25,0,0,-5,-14,9,-48,-5,-7,-2,-2.54,-5.08,14,4.56,-0.2,-0.28,0,429.0,775.0,1700.0,3000.0,447.0,-155.0
1607,170.0,-200,170.0,50.0,1,False,3,0,3,0,44.66666667,0.5216666670000001,0.0,4.833333333,0.611666667,3,2,14,0,0,0,2,1,0,1,4,0,193.04,203.2,265,1,0,0,31.76923077,0.685384615,0.076923077,0.23076923100000002,0.192307692,4,5,25,1,1,0,2,5,0,0,8,0,193.04,203.2,265,38,27,1,3,-1,-4,3,-11,-1,-3,0,0.0,0.0,11,12.8974359,-0.076923077,4.602564102,0,460.0,287.0,795.0,2000.0,435.0,175.0
1610,-115.0,-105,86.95652174,95.23809524,1,False,3,2,0,0,20.0,0.235,0.0,0.0,0.0,0,2,3,0,0,0,0,0,0,0,0,0,190.5,203.2,250,2,0,0,23.0,0.475,0.0,0.0,0.0,0,2,3,0,0,0,0,0,0,0,0,0,180.34,193.04,205,36,39,0,0,0,0,0,0,0,0,0,10.16,10.16,-3,-3.0,0.0,0.0,2,1000.0,575.0,2150.0,416.0,125.0,325.0
1617,-220.0,180,45.45454545,180.0,0,False,3,0,1,0,28.0,0.6,0.0,1.0,0.75,1,1,4,0,0,0,0,1,0,0,1,0,200.66,208.28,245,2,0,0,19.88888889,0.34444444399999996,0.111111111,0.111111111,0.111111111,2,6,15,0,0,0,0,3,0,0,3,1,195.58,195.58,250,34,27,2,1,-1,-2,5,-11,0,-2,0,5.08,12.7,7,8.11111111,-0.111111111,0.8888888890000001,2,603.0,610.0,2625.0,615.0,-140.0,565.0
1666,-290.0,245,34.48275862,245.0,0,False,3,1,0,0,59.6,0.392,0.0,0.0,0.0,2,3,11,0,0,0,1,1,0,0,2,0,193.04,198.12,250,0,2,0,37.0,0.535,0.0,1.5,0.375,2,0,4,0,0,0,1,1,0,0,2,1,185.42,198.12,264,30,28,-1,-2,0,0,-3,7,0,0,0,7.62,0.0,2,22.6,0.0,-1.5,2,230.0,625.0,1200.0,1400.0,-110.0,550.0
1686,-325.0,265,30.76923077,265.0,1,False,3,0,1,0,42.0,0.44,0.0,0.0,0.0,1,0,3,0,0,0,1,0,0,0,1,0,195.58,205.74,250,0,1,0,24.0,0.48,0.0,1.0,1.0,1,0,3,0,0,0,1,0,0,0,1,0,185.42,190.5,245,31,26,0,0,0,0,0,0,0,0,0,10.16,15.24,5,18.0,0.0,-1.0,2,103.0,950.0,945.0,800.0,279.0,610.0
1698,-210.0,175,47.61904762,175.0,1,False,5,0,3,0,100.66666670000001,0.576666667,0.0,1.0,0.5,3,0,9,0,0,1,1,1,0,0,3,0,200.66,203.2,250,0,2,0,52.33333333,0.534666667,0.26666666699999997,0.6,0.208666667,6,4,36,3,0,0,4,4,3,0,11,0,193.04,195.58,231,40,29,0,1,-3,-8,4,-27,-3,-3,-3,7.62,7.62,11,48.33333337,-0.26666666699999997,0.4,0,320.0,425.0,169.0,2000.0,625.0,290.0
1711,-185.0,160,54.05405405,160.0,1,False,3,0,1,0,24.58333333,0.45875,0.208333333,0.125,0.10416666699999999,7,9,47,5,0,1,3,9,2,0,15,0,190.5,195.58,240,1,0,0,23.89473684,0.451578947,1.052631579,0.31578947399999996,0.236842105,4,7,35,0,1,0,1,5,5,0,12,0,210.82,213.36,265,30,39,1,1,3,3,-2,12,5,4,-3,-20.32,-17.78,-9,0.68859649,-0.8442982459999999,-0.190789474,0,450.0,435.0,450.0,1200.0,165.0,355.0
1733,-110.0,-110,90.90909091,90.90909091,0,False,3,1,0,0,58.2,0.5,0.0,1.0,0.498,3,2,16,0,0,0,1,2,0,0,3,0,190.5,198.12,249,1,0,0,27.16666667,0.558333333,0.0,0.333333333,0.235833333,6,3,25,0,0,1,0,8,0,0,9,0,190.5,200.66,260,33,32,0,0,-3,-6,1,-9,0,-6,0,0.0,-2.54,1,31.03333333,0.0,0.666666667,0,335.0,275.0,1200.0,650.0,150.0,285.0
1745,165.0,-190,165.0,52.63157895,1,False,3,0,2,0,42.4,0.52,0.0,3.8,0.5920000000000001,2,2,11,0,0,0,1,1,0,1,3,0,193.04,203.2,265,0,1,0,29.33333333,0.429333333,0.066666667,0.46666666700000003,0.226666667,4,7,39,1,0,0,1,7,0,0,8,0,177.8,182.88,265,43,26,0,1,-2,-5,5,-28,-1,-5,0,15.24,20.32,17,13.06666667,-0.066666667,3.333333333,0,400.0,180.0,2200.0,1100.0,200.0,230.0
1746,-275.0,235,36.36363636,235.0,0,False,3,0,1,0,13.5,0.36,0.25,1.25,0.5,1,2,5,0,0,0,0,1,1,0,2,0,182.88,187.96,247,0,1,0,22.0,0.61,0.0,0.0,0.0,1,0,1,0,0,0,0,1,0,0,1,1,187.96,190.5,264,24,32,0,0,0,1,-2,4,0,0,1,-5.08,-2.54,-8,-8.5,0.25,1.25,2,825.0,800.0,1400.0,675.0,-200.0,525.0
1759,150.0,-170,150.0,58.82352941,0,False,3,0,1,0,35.0,0.64,1.0,1.0,1.0,1,0,1,0,0,0,0,0,1,0,1,0,190.5,190.5,249,1,0,0,34.5,0.431666667,0.0,1.0,0.261666667,1,3,14,0,0,1,1,1,0,0,3,1,190.5,195.58,265,32,25,1,1,0,-2,3,-13,0,-1,1,0.0,-5.08,7,0.5,1.0,0.0,0,320.0,450.0,1700.0,700.0,425.0,140.0
1779,150.0,-170,150.0,58.82352941,0,True,5,0,6,0,14.0,0.566666667,0.166666667,0.0,0.0,6,0,8,0,0,0,0,4,1,1,6,0,193.04,210.82,250,0,5,0,48.15384615,0.523076923,0.0,1.307692308,0.37076923100000003,5,2,29,3,0,0,3,8,0,0,11,0,193.04,203.2,240,35,31,0,1,1,-5,2,-21,-3,-3,1,0.0,7.62,4,-34.15384615,0.166666667,-1.307692308,0,900.0,1500.0,1950.0,1100.0,220.0,-165.0
1834,210.0,-230,210.0,43.47826087,1,False,3,0,5,0,15.6,0.596,0.2,0.0,0.0,5,0,7,0,0,0,0,3,1,1,5,0,193.04,210.82,250,0,2,0,34.33333333,0.721666667,0.083333333,0.25,0.208333333,4,4,24,1,1,0,2,5,0,0,8,0,193.04,203.2,265,37,31,0,3,1,-3,4,-17,-1,-1,1,0.0,7.62,6,-18.73333333,0.11666666699999999,-0.25,0,525.0,650.0,1400.0,1800.0,275.0,-185.0
1864,105.0,-125,105.0,80.0,1,False,3,1,0,0,33.25,0.4275,0.25,1.25,0.12,2,2,11,0,0,1,1,0,0,0,2,0,190.5,193.04,235,0,2,0,73.25,0.395,0.0,0.0,0.0,2,2,10,0,0,0,1,1,0,0,2,0,193.04,198.12,250,28,36,-1,-2,0,0,0,1,0,-1,0,-2.54,-5.08,-8,-40.0,0.25,1.25,2,260.0,168.0,1365.0,1115.0,425.0,372.0
1868,-300.0,250,33.33333333,250.0,0,False,5,0,3,0,41.0,0.5025,0.0,1.0,0.3725,3,1,11,0,0,0,1,2,0,0,3,0,190.5,198.12,249,0,1,0,45.0,0.531428571,0.28571428600000004,0.571428571,0.21357142899999998,6,4,31,3,0,0,3,4,3,0,10,0,193.04,195.58,231,40,32,0,2,-3,-7,3,-20,-3,-2,-3,-2.54,2.54,8,-4.0,-0.28571428600000004,0.428571429,0,220.0,700.0,135.0,2500.0,475.0,500.0
1883,-320.0,260,31.25,260.0,1,False,3,5,0,0,21.65217391,0.459130435,0.21739130399999998,0.130434783,0.10869565199999999,7,9,44,5,0,1,2,9,2,0,14,0,190.5,195.58,240,0,1,0,21.0,0.6,0.0,0.0,0.0,1,0,1,0,0,0,0,1,0,0,1,0,190.5,187.96,264,26,38,-5,-1,6,13,-9,43,5,8,2,0.0,7.62,-12,0.65217391,0.21739130399999998,0.130434783,0,600.0,750.0,1350.0,1275.0,-165.0,450.0
1900,-370.0,310,27.02702703,310.0,1,False,3,0,1,0,48.5,0.5,0.0,0.0,0.0,1,1,4,0,0,0,1,0,0,0,1,0,193.04,195.58,240,1,0,0,19.75,0.31875,0.125,0.0,0.0,2,5,14,0,0,0,0,3,0,0,3,1,195.58,195.58,250,34,33,1,1,-1,-2,4,-10,0,-3,0,-2.54,0.0,1,28.75,-0.125,0.0,2,500.0,835.0,1500.0,1550.0,-175.0,475.0
1903,250.0,-300,250.0,33.33333333,1,False,3,0,1,0,43.25,0.555,0.0,3.75,0.49,1,2,9,0,0,0,1,1,0,0,2,0,193.04,203.2,265,0,2,0,18.2,0.484,1.2,1.6,0.314,2,1,8,0,0,0,0,1,3,0,4,0,187.96,203.2,240,40,26,0,-1,-1,-2,-1,1,0,0,-3,5.08,0.0,14,25.05,-1.2,2.15,0,1050.0,176.0,495.0,1650.0,952.0,130.0
1954,-192.0,177,52.08333333,177.0,1,False,3,1,0,0,51.0,0.37,0.0,1.0,0.5,0,1,3,0,0,0,0,0,0,0,0,0,200.66,208.28,245,2,0,0,26.75,0.49375,0.0,1.125,0.26,1,5,13,0,0,0,1,2,0,0,3,0,195.58,193.04,260,37,27,1,0,-1,-3,4,-10,0,-2,0,5.08,15.24,10,24.25,0.0,-0.125,2,250.0,725.0,1350.0,725.0,140.0,360.0
1968,-130.0,110,76.92307692,110.0,0,False,5,0,2,0,22.94444444,0.462777778,1.111111111,0.333333333,0.25,4,6,32,0,1,0,1,5,5,0,12,0,210.82,213.36,265,0,2,0,83.5,0.6,0.0,0.5,0.25,2,0,6,0,0,1,1,0,0,0,2,0,200.66,203.2,250,28,29,0,0,2,10,-6,26,0,5,5,10.16,10.16,-1,-60.55555556,1.111111111,-0.166666667,0,450.0,550.0,1500.0,430.0,150.0,350.0
2010,205.0,-245,205.0,40.81632653,1,False,3,0,1,0,60.66666667,0.36666666700000006,0.0,0.0,0.0,1,2,7,0,0,0,0,1,0,0,1,0,193.04,198.12,250,2,0,0,1.0,0.33,0.0,0.0,0.0,0,2,2,0,0,0,0,0,0,0,0,0,185.42,190.5,241,37,27,2,1,1,1,0,5,0,1,0,7.62,7.62,10,59.66666667,0.0,0.0,2,625.0,535.0,600.0,1000.0,625.0,-130.0
2029,120.0,-140,120.0,71.42857143,1,False,3,0,1,0,35.54545455,0.737272727,0.090909091,0.272727273,0.22727272699999998,4,4,21,1,0,0,2,5,0,0,7,0,193.04,203.2,265,0,1,0,48.41666667,0.585,0.25,0.5,0.138333333,6,3,27,3,0,0,3,4,2,0,9,0,193.04,195.58,231,39,37,0,0,-2,-2,-1,-6,-2,1,-2,0.0,7.62,2,-12.87121212,-0.159090909,-0.22727272699999998,0,375.0,275.0,550.0,1500.0,380.0,185.0
2030,470.0,-640,470.0,15.625,1,False,3,1,0,0,33.66666667,0.6,0.0,5.0,0.653333333,1,2,6,0,0,0,0,1,0,0,1,0,193.04,203.2,265,2,0,0,35.125,0.65,0.125,0.5,0.21625,3,4,21,0,2,0,0,2,0,0,4,1,182.88,187.96,247,34,26,1,0,-2,-3,2,-15,0,-1,0,10.16,15.24,8,-1.45833333,-0.125,4.5,0,1100.0,185.0,1800.0,775.0,1200.0,-125.0
2061,190.0,-230,190.0,43.47826087,1,False,3,0,2,0,37.66666667,0.48666666700000005,0.0,0.666666667,0.276666667,2,1,8,0,0,0,0,2,0,0,2,0,190.5,198.12,249,4,0,0,21.36363636,0.45727272700000005,0.22727272699999998,0.13636363599999998,0.113636364,7,8,41,5,0,1,2,9,2,0,14,0,190.5,195.58,240,38,31,4,2,-5,-12,7,-33,-5,-7,-2,0.0,2.54,7,16.30303031,-0.22727272699999998,0.530303031,0,500.0,500.0,1250.0,850.0,450.0,-115.0
2065,300.0,-360,300.0,27.77777778,1,False,3,0,1,0,22.83333333,0.34,0.166666667,0.0,0.0,1,4,12,0,0,0,0,2,0,0,2,1,195.58,195.58,250,0,1,0,16.0,0.365,0.0,0.5,0.5,1,1,2,0,0,0,0,1,0,0,1,0,182.88,187.96,247,31,34,0,0,0,1,-3,10,0,1,0,12.7,7.62,-3,6.83333333,0.166666667,-0.5,2,620.0,525.0,1275.0,1800.0,680.0,-172.0
2071,-150.0,130,66.66666667,130.0,1,False,5,2,0,0,27.21428571,0.42642857100000003,0.071428571,0.5,0.242857143,4,7,35,1,0,0,1,6,0,0,7,0,177.8,182.88,265,0,6,0,25.0,0.5763636360000001,0.0,0.363636364,0.257272727,6,2,21,0,0,1,0,8,0,0,9,0,190.5,200.66,260,32,43,-2,-6,-2,-2,-5,14,1,-2,0,-12.7,-17.78,-11,2.21428571,0.071428571,0.13636363599999998,0,700.0,800.0,1800.0,2500.0,105.0,150.0
2104,-165.0,145,60.60606061,145.0,0,True,5,0,1,0,59.13333333,0.5166666670000001,0.066666667,0.333333333,0.233333333,9,3,41,4,0,0,4,8,0,0,12,0,193.04,195.58,238,0,4,0,50.0,0.528333333,0.0,1.4166666669999999,0.40166666700000003,4,2,28,2,0,0,3,7,0,0,10,0,193.04,203.2,240,34,33,0,-3,5,2,-1,13,2,1,0,0.0,-7.62,1,9.13333333,0.066666667,-1.083333334,0,500.0,415.0,1800.0,1650.0,125.0,150.0
2132,-155.0,135,64.51612903,135.0,0,False,3,0,1,0,22.61111111,0.38277777799999996,0.055555556,0.833333333,0.15333333300000002,3,9,42,1,0,0,1,8,0,0,9,0,182.88,182.88,263,0,1,0,45.0,0.53,0.0,1.0,0.5,1,0,3,0,0,1,0,0,0,0,1,0,200.66,203.2,250,28,40,0,0,2,8,-9,39,1,8,0,-17.78,-20.32,-12,-22.38888889,0.055555556,-0.166666667,0,140.0,450.0,900.0,900.0,400.0,225.0
2160,170.0,-200,170.0,50.0,1,False,3,1,0,0,34.0,0.4075,0.0,1.25,0.3425,1,2,10,0,0,0,1,1,0,0,2,1,190.5,195.58,265,1,0,0,32.42857143,0.66,0.14285714300000002,0.571428571,0.247142857,3,3,18,0,2,0,0,2,0,0,4,1,182.88,187.96,247,34,32,0,0,-2,-2,1,-8,0,-1,0,7.62,7.62,2,1.57142857,-0.14285714300000002,0.6785714290000001,1,400.0,155.0,824.0,717.0,515.0,310.0
2179,-130.0,110,76.92307692,110.0,0,False,3,1,0,0,27.69230769,0.42769230799999997,0.076923077,0.538461538,0.26153846199999997,4,6,32,1,0,0,1,6,0,0,7,0,177.8,182.88,265,1,0,0,33.6,0.733,0.1,0.3,0.25,4,4,18,1,0,0,2,4,0,0,6,0,193.04,203.2,265,36,42,0,0,0,1,-2,14,0,2,0,-15.24,-20.32,-6,-5.90769231,-0.023076923,0.238461538,0,310.0,900.0,500.0,2000.0,265.0,150.0
2180,-175.0,155,57.14285714,155.0,0,False,3,0,2,0,18.66666667,0.5166666670000001,1.0,2.666666667,0.433333333,2,1,7,0,0,0,0,0,2,0,2,0,187.96,187.96,243,0,1,0,31.5,0.355,0.0,0.5,0.165,1,1,5,0,0,0,0,1,0,0,1,0,190.5,198.12,249,31,23,0,1,1,1,0,2,0,-1,2,-2.54,-10.16,8,-12.83333333,1.0,2.166666667,2,346.0,350.0,602.0,541.0,195.0,620.0
2186,-105.0,-115,95.23809524,86.95652174,0,False,5,2,0,0,22.93333333,0.46533333299999996,0.133333333,0.666666667,0.321333333,3,6,27,0,0,0,1,7,1,0,9,0,198.12,200.66,255,0,5,0,23.6,0.58,0.0,0.4,0.28300000000000003,5,2,19,0,0,1,0,7,0,0,8,0,190.5,200.66,260,32,34,-2,-5,-2,1,-4,8,0,0,1,7.62,0.0,-2,-0.66666667,0.133333333,0.26666666699999997,0,1100.0,550.0,1650.0,700.0,115.0,200.0
2219,335.0,-420,335.0,23.80952381,1,False,3,0,4,0,17.5,0.5925,0.25,0.0,0.0,4,0,6,0,0,0,0,2,1,1,4,0,193.04,210.82,250,3,0,0,22.23809524,0.46333333299999996,0.23809523800000001,0.14285714300000002,0.11904761900000001,7,7,40,5,0,1,2,9,2,0,14,0,190.5,195.58,240,37,30,3,4,-3,-10,7,-34,-5,-6,-1,2.54,15.24,7,-4.73809524,0.011904762,-0.14285714300000002,0,1000.0,700.0,1500.0,900.0,550.0,-200.0
2235,-140.0,120,71.42857143,120.0,0,False,3,2,0,0,18.0,0.3925,0.0,2.5,0.1975,1,3,11,0,0,0,1,0,0,0,1,0,190.5,195.58,240,1,0,0,10.33333333,0.446666667,1.0,1.6666666669999999,0.273333333,2,1,5,0,0,0,0,1,1,0,2,0,187.96,203.2,240,39,26,-1,0,-1,-1,-2,6,0,-1,-1,2.54,-7.62,13,7.66666667,-1.0,0.833333333,2,385.0,230.0,220.0,1195.0,463.0,585.0
2238,-155.0,135,64.51612903,135.0,0,False,3,1,0,0,59.0,0.35,0.0,0.0,0.0,0,1,3,0,0,0,0,0,0,0,0,0,193.04,198.12,250,1,0,0,21.0,0.322,0.2,0.0,0.0,1,4,10,0,0,0,0,1,0,0,1,1,195.58,195.58,250,33,27,0,0,-1,-1,3,-7,0,-1,0,-2.54,2.54,6,38.0,-0.2,0.0,2,565.0,385.0,1130.0,1725.0,130.0,305.0
2240,100.0,-120,100.0,83.33333333,1,False,3,1,0,0,13.0,0.33,0.0,0.0,0.0,0,1,1,0,0,0,0,0,0,0,0,0,182.88,187.96,247,1,0,0,14.0,0.41,0.0,0.0,0.0,0,1,2,0,0,0,0,0,0,0,0,2,187.96,187.96,253,34,31,0,0,0,0,0,-1,0,0,0,-5.08,0.0,3,-1.0,0.0,0.0,2,725.0,425.0,684.0,405.0,195.0,333.0
2275,-250.0,210,40.0,210.0,0,False,5,0,2,0,39.33333333,0.436666667,0.0,0.333333333,0.04,2,1,7,0,0,1,1,0,0,0,2,0,190.5,193.04,235,0,4,0,21.88888889,0.596666667,0.0,0.333333333,0.27777777800000003,4,2,15,0,0,1,0,6,0,0,7,0,190.5,200.66,260,31,35,0,-2,-2,-5,1,-8,0,-6,0,0.0,-7.62,-4,17.44444444,0.0,0.0,0,950.0,800.0,1200.0,1000.0,-150.0,300.0
2276,-440.0,350,22.72727273,350.0,0,False,3,0,1,0,33.33333333,0.596666667,0.0,1.333333333,0.263333333,1,3,11,0,0,0,1,2,0,0,3,0,195.58,193.04,260,0,3,0,23.0,0.456666667,0.0,0.0,0.0,3,0,5,0,0,0,0,2,0,1,3,0,193.04,210.82,250,30,36,0,-2,-2,0,-3,6,0,-1,0,2.54,-17.78,-6,10.33333333,0.0,1.333333333,0,575.0,800.0,1200.0,1800.0,-240.0,725.0
2362,-190.0,165,52.63157895,165.0,0,False,3,0,3,0,35.5,0.693333333,0.166666667,0.666666667,0.288333333,3,2,16,0,2,0,0,2,0,0,4,1,182.88,187.96,247,0,1,0,23.76470588,0.467058824,1.117647059,0.235294118,0.235294118,4,6,30,0,1,0,1,5,4,0,11,0,210.82,213.36,265,28,34,0,2,-1,-7,4,-14,0,-3,-4,-27.94,-25.4,-6,11.73529412,-0.9509803920000001,0.431372549,0,310.0,375.0,450.0,1250.0,215.0,375.0
2376,-145.0,125,68.96551724,125.0,0,False,3,0,1,0,18.0,0.32,0.0,0.0,0.0,1,3,7,0,0,0,0,1,0,0,1,1,195.58,195.58,250,0,1,0,35.5,0.475,0.0,0.0,0.0,1,1,4,0,0,0,1,0,0,0,1,0,190.5,193.04,235,35,33,0,0,0,0,-2,3,0,1,0,5.08,2.54,2,-17.5,0.0,0.0,2,330.0,900.0,1042.0,1400.0,220.0,167.0
2380,195.0,-235,195.0,42.55319149,1,False,3,1,0,0,24.0,0.41,0.0,2.0,0.33,0,1,2,0,0,0,0,0,0,0,0,0,193.04,203.2,265,1,0,0,26.0,0.41,0.0,0.0,0.0,0,1,1,0,0,0,0,0,0,0,0,0,190.5,187.96,245,28,25,0,0,0,0,0,1,0,0,0,2.54,15.24,3,-2.0,0.0,2.0,2,785.0,330.0,1600.0,900.0,335.0,121.0
2384,-420.0,335,23.80952381,335.0,0,False,3,2,0,0,16.7,0.441,0.0,0.0,0.0,2,7,17,1,0,0,0,3,0,0,3,0,193.04,203.2,264,1,0,0,21.82352941,0.373529412,0.058823529000000006,0.882352941,0.162352941,3,9,40,1,0,0,1,7,0,0,8,0,182.88,182.88,263,40,37,-1,0,-1,-5,2,-23,0,-4,0,10.16,20.32,3,-5.12352941,-0.058823529000000006,-0.882352941,0,800.0,700.0,1400.0,1200.0,-275.0,750.0
2406,-145.0,125,68.96551724,125.0,0,True,5,0,4,0,36.33333333,0.7566666670000001,0.0,0.333333333,0.27777777800000003,4,3,17,0,0,0,2,4,0,0,6,0,193.04,203.2,265,0,3,0,51.45454545,0.525454545,0.0,1.454545455,0.347272727,3,2,27,1,0,0,3,6,0,0,9,0,193.04,203.2,240,34,36,0,1,1,-3,-1,-10,-1,-2,0,0.0,0.0,-2,-15.12121212,0.0,-1.121212122,0,800.0,700.0,2500.0,1200.0,115.0,120.0
2407,-265.0,225,37.73584906,225.0,0,False,3,1,0,0,21.92857143,0.480714286,0.14285714300000002,0.7142857140000001,0.34428571399999996,3,5,24,0,0,0,1,7,1,0,9,0,198.12,200.66,255,1,0,0,45.18181818,0.584545455,0.181818182,0.545454545,0.150909091,6,3,24,3,0,0,2,4,2,0,8,0,193.04,195.58,231,39,34,0,0,-3,1,-2,0,-3,3,-1,5.08,5.08,5,-23.25324675,-0.038961038999999996,0.16883116899999998,0,225.0,775.0,250.0,2200.0,400.0,250.0
2416,110.0,-130,110.0,76.92307692,1,False,5,1,0,0,37.66666667,0.6333333329999999,0.444444444,0.444444444,0.333333333,4,3,18,1,0,0,1,4,1,0,6,0,190.5,198.12,250,2,0,0,21.45,0.456,0.25,0.1,0.1,7,6,37,5,0,1,2,9,2,0,14,0,190.5,195.58,240,37,38,1,0,-3,-8,3,-19,-4,-5,-1,0.0,2.54,-1,16.21666667,0.194444444,0.34444444399999996,0,800.0,550.0,1600.0,275.0,200.0,200.0
2455,-110.0,-110,90.90909091,90.90909091,1,False,3,1,0,0,48.0,0.47,0.0,1.0,0.33,0,1,3,0,0,0,0,0,0,0,0,0,190.5,198.12,249,1,0,0,23.0,0.5,0.0,3.333333333,0.263333333,1,2,9,0,0,0,1,0,0,0,1,0,190.5,195.58,240,26,30,0,0,-1,-1,1,-6,0,0,0,0.0,2.54,-4,25.0,0.0,-2.333333333,2,290.0,425.0,775.0,415.0,312.0,380.0
2467,-135.0,115,74.07407407,115.0,0,False,3,1,0,0,1.0,0.33,0.0,0.0,0.0,0,1,1,0,0,0,0,0,0,0,0,0,185.42,190.5,241,1,0,0,38.2,0.604,0.0,1.6,0.316,1,3,10,0,0,0,1,1,0,0,2,0,195.58,193.04,260,36,36,0,0,-1,-2,2,-9,0,-1,0,-10.16,-2.54,0,-37.2,0.0,-1.6,2,290.0,715.0,1200.0,325.0,273.0,329.0
2484,-185.0,160,54.05405405,160.0,1,False,3,0,2,0,37.4,0.6920000000000001,0.2,0.6,0.146,2,2,13,0,1,0,0,2,0,0,3,1,182.88,187.96,247,0,2,0,11.5,0.53,0.5,0.5,0.125,2,0,2,0,0,0,0,1,1,0,2,0,187.96,203.2,240,39,33,0,0,0,1,-2,11,0,1,-1,-5.08,-15.24,6,25.9,-0.3,0.1,2,561.0,450.0,120.0,1115.0,488.0,375.0
2496,-355.0,295,28.16901408,295.0,0,False,3,0,1,0,23.15384615,0.500769231,0.153846154,0.7692307690000001,0.37076923100000003,3,4,23,0,0,0,1,7,1,0,9,0,198.12,200.66,255,1,0,0,51.38461538,0.59,0.23076923100000002,2.538461538,0.44076923100000004,7,2,27,6,0,0,2,9,0,0,11,0,185.42,195.58,240,33,33,1,1,-4,-2,-2,-4,-6,-2,1,12.7,5.08,0,-28.23076923,-0.076923077,-1.769230769,0,325.0,950.0,900.0,1500.0,-110.0,350.0
2517,-130.0,110,76.92307692,110.0,1,False,3,0,3,0,20.0,0.60875,0.0,0.375,0.3125,3,2,12,0,0,0,0,6,0,0,6,0,190.5,200.66,260,0,1,0,22.9375,0.38375,0.0625,0.5,0.12875,3,8,37,1,0,0,1,7,0,0,8,0,182.88,182.88,263,40,31,0,2,0,-2,6,-25,-1,-1,0,7.62,17.78,9,-2.9375,-0.0625,-0.125,0,800.0,590.0,913.0,1945.0,120.0,155.0
2565,-185.0,160,54.05405405,160.0,1,True,5,0,2,0,54.6,0.514,0.0,1.6,0.382,3,2,26,0,0,0,3,5,0,0,8,0,193.04,203.2,240,0,6,0,48.2,0.598,0.2,0.6,0.166,6,2,23,2,0,0,2,4,2,0,8,0,193.04,195.58,231,38,33,0,-4,-3,0,0,3,-2,1,-2,0.0,7.62,5,6.4,-0.2,1.0,0,325.0,508.0,250.0,3000.0,305.0,260.0
2576,-240.0,200,41.66666667,200.0,0,False,5,1,0,0,21.73684211,0.45473684200000003,0.263157895,0.10526315800000001,0.10526315800000001,7,5,35,5,0,1,2,9,2,0,14,0,190.5,195.58,240,0,3,0,38.0,0.75625,0.0,0.25,0.1875,3,3,15,0,0,0,2,3,0,0,5,0,193.04,203.2,265,35,37,-1,-3,4,9,-2,20,5,6,2,-2.54,-7.62,-2,-16.26315789,0.263157895,-0.144736842,0,750.0,1150.0,800.0,2500.0,-125.0,225.0
2577,185.0,-225,185.0,44.44444444,1,False,3,1,0,0,24.4375,0.445625,1.1875,0.25,0.25,4,6,29,0,1,0,1,4,4,0,10,0,210.82,213.36,265,1,0,0,18.55555556,0.49,0.0,0.0,0.0,2,6,16,1,0,0,0,3,0,0,3,0,193.04,203.2,264,36,28,0,0,2,7,0,13,-1,1,4,17.78,10.16,8,5.88194444,1.1875,0.25,0,885.0,575.0,777.0,500.0,325.0,115.0
2612,-105.0,-115,95.23809524,86.95652174,1,False,5,1,0,0,52.14285714,0.508571429,0.071428571,0.35714285700000004,0.25,9,3,36,4,0,0,3,8,0,0,11,0,193.04,195.58,238,0,4,0,22.11111111,0.43222222200000004,0.444444444,0.7777777779999999,0.094444444,4,3,18,0,0,0,1,3,2,0,6,0,193.04,198.12,265,34,32,-1,-4,5,5,0,18,4,5,-2,0.0,-2.54,2,30.03174603,-0.373015873,-0.420634921,0,1000.0,550.0,375.0,1150.0,230.0,150.0
2613,-150.0,130,66.66666667,130.0,0,False,3,0,1,0,13.71428571,0.54047619,0.523809524,1.095238095,0.41952381,4,9,36,1,0,0,1,7,4,0,12,0,187.96,193.04,242,0,2,0,20.42857143,0.5985714289999999,0.0,0.428571429,0.35714285700000004,2,2,11,0,0,0,0,5,0,0,5,0,190.5,200.66,260,31,36,0,-1,2,7,-7,25,1,2,4,-2.54,-7.62,-5,-6.71428572,0.523809524,0.666666666,2,800.0,775.0,2000.0,350.0,-115.0,400.0
2625,-150.0,130,66.66666667,130.0,0,False,5,1,0,0,13.0,0.493846154,0.807692308,0.807692308,0.27115384600000003,4,10,42,5,0,0,2,5,8,0,16,1,190.5,200.66,264,0,1,0,30.81818182,0.430909091,0.090909091,0.636363636,0.30909090899999997,4,5,28,1,0,0,1,5,0,0,6,0,177.8,182.88,265,41,36,-1,-1,0,10,-5,14,4,0,8,12.7,17.78,5,-17.81818182,0.716783217,0.171328672,0,1201.0,1270.0,3000.0,180.0,-105.0,550.0
2674,105.0,-125,105.0,80.0,1,False,3,1,0,0,9.0,0.36,0.0,0.0,0.0,0,1,1,0,0,0,0,0,0,0,0,0,190.5,193.04,235,0,1,0,37.75,0.6275,0.0,2.0,0.395,1,2,7,0,0,0,1,1,0,0,2,0,195.58,193.04,260,35,34,-1,-1,-1,-2,1,-6,0,-1,0,-5.08,0.0,1,-28.75,0.0,-2.0,2,549.0,424.0,1125.0,640.0,205.0,220.0
2676,-115.0,-105,86.95652174,95.23809524,0,False,3,0,3,0,26.57142857,0.5371428570000001,0.14285714300000002,1.857142857,0.37857142899999996,3,1,19,0,0,0,5,1,0,0,6,0,187.96,190.5,265,3,0,0,21.66666667,0.386666667,0.066666667,0.533333333,0.137333333,3,8,34,1,0,0,0,7,0,0,7,0,182.88,182.88,263,39,29,3,3,0,-1,7,-15,-1,-6,0,5.08,7.62,10,4.9047619000000005,0.076190476,1.323809524,0,961.0,165.0,1620.0,1800.0,100.0,582.0
2688,-140.0,120,71.42857143,120.0,1,False,3,0,3,0,20.5,0.43875,0.375,0.875,0.10625,3,3,16,0,0,0,1,3,1,0,5,0,193.04,198.12,265,0,1,0,38.0,0.64875,0.5,0.5,0.375,4,2,16,1,0,0,1,4,1,0,6,0,190.5,198.12,250,38,34,0,2,-1,-1,-1,0,-1,-1,0,2.54,0.0,4,-17.5,-0.125,0.375,1,260.0,575.0,250.0,1200.0,700.0,225.0
2701,-170.0,150,58.82352941,150.0,0,False,3,1,0,0,22.0,0.540769231,0.307692308,0.0,0.0,5,4,20,0,0,0,1,8,0,0,9,2,190.5,200.66,265,1,0,0,20.83333333,0.505833333,0.166666667,0.666666667,0.34666666700000004,3,4,20,0,0,0,1,6,1,0,8,0,198.12,200.66,255,33,37,0,0,2,1,0,0,0,2,-1,-7.62,0.0,-4,1.16666667,0.141025641,-0.666666667,0,900.0,900.0,500.0,2000.0,120.0,170.0
2713,-240.0,220,41.66666667,220.0,0,False,3,0,7,0,22.55555556,0.44777777799999996,0.27777777800000003,0.111111111,0.111111111,7,4,34,5,0,1,2,9,2,0,14,0,190.5,195.58,240,0,1,0,59.44444444,0.49,0.0,1.7777777780000001,0.424444444,3,2,25,0,0,0,3,4,0,0,7,0,193.04,203.2,240,33,36,0,6,4,7,-2,9,5,5,2,-2.54,-7.62,-3,-36.88888888,0.27777777800000003,-1.6666666669999999,1,200.0,500.0,1800.0,1800.0,155.0,380.0
2725,-235.0,195,42.55319149,195.0,1,False,3,0,2,0,38.85714286,0.7585714290000001,0.0,0.28571428600000004,0.214285714,2,3,13,0,0,0,2,2,0,0,4,0,193.04,203.2,265,0,1,0,54.46153846,0.5115384620000001,0.076923077,0.384615385,0.269230769,9,2,34,4,0,0,3,8,0,0,11,0,193.04,195.58,238,31,35,0,1,-7,-7,-1,-21,-4,-6,0,0.0,7.62,-4,-15.6043956,-0.076923077,-0.098901099,0,600.0,550.0,1800.0,1800.0,-200.0,500.0
2754,120.0,-140,120.0,71.42857143,0,False,3,1,0,0,17.0,0.47,0.0,0.0,0.0,0,1,3,0,0,0,0,0,0,0,0,0,180.34,185.42,230,3,0,0,13.4,0.5455,0.55,1.05,0.4265,4,9,33,1,0,0,0,7,4,0,11,0,187.96,193.04,242,36,32,2,0,-4,-11,8,-30,-1,-7,-4,-7.62,-7.62,4,3.6,-0.55,-1.05,2,800.0,1271.0,280.0,1500.0,300.0,100.0
2795,-290.0,245,34.48275862,245.0,0,False,3,0,1,0,19.75,0.48625,0.0,0.0,0.0,2,5,15,1,0,0,0,3,0,0,3,0,193.04,203.2,264,2,0,0,32.7,0.408,0.1,0.7,0.34,4,5,27,1,0,0,1,4,0,0,5,0,177.8,182.88,265,41,36,2,1,-2,-2,0,-12,0,-1,0,15.24,20.32,5,-12.95,-0.1,-0.7,0,800.0,765.0,3000.0,1030.0,-190.0,420.0
2797,-160.0,140,62.5,140.0,1,False,3,0,2,0,28.33333333,0.555,0.166666667,1.5,0.34666666700000004,3,1,16,0,0,0,4,1,0,0,5,0,187.96,190.5,265,0,1,0,23.86666667,0.43799999999999994,1.266666667,0.2,0.2,4,5,26,0,1,0,1,4,4,0,10,0,210.82,213.36,265,27,29,0,1,-1,-5,4,-10,0,-3,-4,-22.86,-22.86,-2,4.46666666,-1.1,1.3,0,600.0,190.0,325.0,1500.0,200.0,675.0
2830,165.0,-190,165.0,52.63157895,1,False,3,0,2,0,55.0,0.415,0.0,0.5,0.5,2,0,6,0,0,0,2,0,0,0,2,0,190.5,198.12,242,0,3,0,23.88888889,0.483333333,0.0,0.8888888890000001,0.27777777800000003,3,3,16,0,0,0,0,6,0,0,6,1,182.88,190.5,260,30,28,0,-1,-1,-4,3,-10,0,-6,0,7.62,7.62,2,31.11111111,0.0,-0.38888888899999996,2,700.0,265.0,1600.0,750.0,225.0,175.0
2839,150.0,-170,150.0,58.82352941,0,False,3,0,1,0,30.5,0.445,0.0,2.5,0.205,1,1,6,0,0,0,1,0,0,0,1,0,190.5,195.58,240,1,0,0,17.6,0.616,0.0,0.4,0.3,2,2,7,0,0,0,0,3,0,0,3,0,190.5,200.66,260,30,25,1,1,-1,-2,1,-1,0,-3,0,0.0,-5.08,5,12.9,0.0,2.1,2,1550.0,525.0,2400.0,450.0,172.0,165.0
2840,-345.0,285,28.98550725,285.0,0,False,5,2,0,0,18.92857143,0.37714285700000005,0.071428571,0.28571428600000004,0.118571429,3,7,29,1,0,0,0,7,0,0,7,0,182.88,182.88,263,1,0,0,22.57142857,0.64,0.571428571,0.571428571,0.428571429,4,2,11,1,0,0,0,4,1,0,5,0,190.5,198.12,250,37,39,-1,0,-1,2,-5,18,0,3,-1,-7.62,-15.24,-2,-3.64285714,-0.5,-0.285714285,0,300.0,1250.0,300.0,2400.0,210.0,340.0
2850,-155.0,135,64.51612903,135.0,0,False,3,0,2,0,12.56,0.4952,0.84,0.8,0.27399999999999997,4,9,39,5,0,0,2,5,8,0,16,1,190.5,200.66,264,0,6,0,21.58823529,0.443529412,0.294117647,0.117647059,0.117647059,6,4,31,5,0,1,1,9,2,0,13,0,190.5,195.58,240,36,36,0,-4,-2,3,-5,8,0,-4,6,0.0,5.08,0,-9.02823529,0.545882353,0.682352941,0,650.0,700.0,1500.0,500.0,105.0,280.0
2875,-245.0,205,40.81632653,205.0,0,False,3,0,1,0,22.0,0.37,0.0,1.0,0.5,1,0,1,0,0,0,0,1,0,0,1,1,190.5,195.58,265,0,1,0,30.2,0.556,0.0,1.4,0.336,3,1,13,0,0,0,3,1,0,0,4,0,187.96,190.5,265,29,30,0,0,-2,-3,1,-12,0,0,0,2.54,5.08,-1,-8.2,0.0,-0.4,2,166.0,205.0,521.0,1400.0,290.0,255.0
2889,-175.0,155,57.14285714,155.0,0,False,3,2,0,0,20.5,0.37799999999999995,1.0,0.7,0.131,2,5,19,2,0,0,2,1,2,0,5,0,190.5,195.58,240,2,0,0,18.92857143,0.42714285700000004,1.357142857,0.214285714,0.214285714,4,5,23,0,1,0,0,4,4,0,9,0,210.82,213.36,265,27,39,0,0,-2,-4,0,-4,2,-3,-2,-20.32,-17.78,-12,1.57142857,-0.35714285700000004,0.485714286,0,525.0,500.0,475.0,1250.0,170.0,435.0
2890,160.0,-185,160.0,54.05405405,0,False,3,0,1,0,17.0,0.62,0.0,1.333333333,0.7,3,2,13,0,0,0,0,4,0,0,4,0,193.04,205.74,265,4,0,0,20.28571429,0.47428571399999997,0.0,0.0,0.0,2,5,13,1,0,0,0,2,0,0,2,0,193.04,203.2,264,35,38,4,1,1,2,3,0,-1,2,0,0.0,2.54,-3,-3.28571429,0.0,1.333333333,0,818.0,950.0,465.0,2500.0,415.0,-155.0
2922,165.0,-190,165.0,52.63157895,0,False,5,0,2,0,20.75,0.555,0.0,0.0,0.0,2,1,6,0,0,0,0,3,0,0,3,0,190.5,200.66,260,0,1,0,12.41666667,0.49791666700000003,0.875,0.833333333,0.285416667,4,9,38,5,0,0,2,4,8,0,15,1,190.5,200.66,264,36,29,0,1,-2,-12,8,-32,-5,-1,-8,0.0,0.0,7,8.33333333,-0.875,-0.833333333,0,1450.0,1500.0,375.0,1700.0,400.0,-160.0
2976,-460.0,365,21.73913043,365.0,1,True,5,0,5,0,42.88888889,0.6033333329999999,0.111111111,0.5555555560000001,0.147777778,5,2,20,1,0,0,2,4,1,0,7,0,193.04,195.58,231,0,4,0,48.33333333,0.595833333,0.25,2.416666667,0.41083333299999997,7,1,24,5,0,0,2,9,0,0,11,0,185.42,195.58,240,32,37,0,1,-2,-4,-1,-4,-4,-5,1,7.62,0.0,-5,-5.44444444,-0.13888888900000002,-1.861111111,0,300.0,1000.0,1425.0,750.0,-150.0,1050.0
2988,145.0,-165,145.0,60.60606061,0,False,3,0,3,0,23.16666667,0.5541666670000001,0.333333333,0.0,0.0,5,3,19,0,0,0,1,8,0,0,9,2,190.5,200.66,265,0,2,0,22.71428571,0.457142857,0.28571428600000004,1.0,0.121428571,2,3,15,0,0,0,1,3,0,0,4,0,193.04,198.12,265,33,36,0,1,3,5,0,4,0,5,0,-2.54,2.54,-3,0.45238096,0.047619047000000005,-1.0,0,775.0,390.0,1100.0,2000.0,240.0,110.0
2993,-115.0,-105,86.95652174,95.23809524,0,False,3,0,1,0,20.5,0.705,0.0,0.5,0.375,2,1,5,0,0,0,0,3,0,0,3,0,190.5,200.66,260,0,2,0,24.0,0.46625,0.0,0.625,0.21875,2,3,14,0,0,0,0,5,0,0,5,1,182.88,190.5,260,30,30,0,-1,0,-2,2,-9,0,-2,0,7.62,10.16,0,-3.5,0.0,-0.125,2,721.0,1200.0,755.0,2105.0,165.0,110.0
3013,-500.0,400,20.0,400.0,1,False,3,0,5,0,19.75,0.43375,0.3125,0.125,0.125,6,4,30,5,0,1,1,8,2,0,12,0,190.5,195.58,240,0,1,0,21.36363636,0.516363636,0.181818182,0.727272727,0.37818181799999995,3,3,19,0,0,0,1,6,1,0,8,0,198.12,200.66,255,32,36,0,4,3,4,-1,11,5,2,1,-7.62,-5.08,-4,-1.61363636,0.130681818,-0.602272727,0,475.0,675.0,1250.0,1450.0,-175.0,650.0
3033,-235.0,195,42.55319149,195.0,0,False,5,1,0,0,32.66666667,0.415555556,0.111111111,0.7777777779999999,0.37777777799999995,4,4,22,1,0,0,1,4,0,0,5,0,177.8,182.88,265,1,0,0,52.75,0.47375,0.0,1.25,0.38375,3,2,20,0,0,0,3,3,0,0,6,0,193.04,203.2,240,32,41,0,0,1,-1,-2,2,1,1,0,-15.24,-20.32,-9,-20.08333333,0.111111111,-0.472222222,0,340.0,900.0,825.0,2000.0,110.0,250.0
3076,-135.0,115,74.07407407,115.0,1,False,3,1,0,0,22.66666667,0.56,0.0,1.6666666669999999,0.276666667,1,2,4,0,0,0,0,1,0,0,1,0,195.58,193.04,260,1,0,0,29.5,0.665,0.5,1.0,0.2,1,1,6,0,0,0,0,1,0,0,1,1,182.88,187.96,247,32,34,0,0,0,0,-1,-2,0,0,0,12.7,5.08,-2,-6.83333333,-0.5,0.666666667,2,500.0,475.0,439.0,1005.0,180.0,295.0
3104,150.0,-160,150.0,62.5,1,False,3,0,1,0,35.0,0.763333333,0.0,0.333333333,0.25,1,3,10,0,0,0,1,2,0,0,3,0,193.04,203.2,265,1,0,0,18.61538462,0.383846154,0.076923077,0.307692308,0.127692308,3,6,26,1,0,0,0,7,0,0,7,0,182.88,182.88,263,38,34,1,1,-2,-4,3,-16,-1,-5,0,10.16,20.32,4,16.38461538,-0.076923077,0.025641025,0,1250.0,340.0,1550.0,860.0,185.0,145.0
3109,-310.0,280,32.25806452,280.0,0,False,3,1,0,0,20.0,0.35,0.0,0.0,0.0,0,1,3,0,0,0,0,0,0,0,0,0,185.42,190.5,265,1,0,0,32.25,0.575,0.0,1.25,0.3375,3,1,10,0,0,0,3,0,0,0,3,0,187.96,190.5,265,28,32,0,0,-3,-3,0,-7,0,0,0,-2.54,0.0,-4,-12.25,0.0,-1.25,2,185.0,750.0,253.0,2360.0,350.0,400.0
3120,-705.0,570,14.18439716,570.0,0,False,3,2,0,0,5.0,0.17,1.0,0.0,0.0,0,2,3,0,0,0,0,0,0,0,0,0,187.96,190.5,247,1,0,0,9.666666667000001,0.726666667,0.0,0.666666667,0.5,2,1,3,0,0,0,0,2,0,0,2,0,190.5,200.66,260,30,37,-1,0,-2,-2,-1,0,0,-2,0,-2.54,-10.16,-7,-4.666666667,1.0,-0.666666667,2,650.0,1090.0,1980.0,1375.0,-320.0,800.0
3200,-400.0,355,25.0,355.0,0,False,5,0,3,0,47.57142857,0.47571428600000004,0.0,1.285714286,0.43142857100000004,3,1,15,0,0,0,3,3,0,0,6,0,193.04,203.2,240,1,0,0,48.75,0.520833333,0.083333333,0.333333333,0.208333333,9,2,29,4,0,0,2,8,0,0,10,0,193.04,195.58,238,30,32,1,3,-6,-4,1,-14,-4,-5,0,0.0,7.62,-2,-1.17857143,-0.083333333,0.9523809529999999,0,525.0,600.0,1250.0,2000.0,-200.0,675.0
3202,-200.0,185,50.0,185.0,0,False,3,1,0,0,20.23076923,0.429230769,1.4615384619999998,0.23076923100000002,0.23076923100000002,4,4,22,0,1,0,0,4,4,0,9,0,210.82,213.36,265,1,0,0,38.6,0.78,0.0,0.2,0.2,1,3,9,0,0,0,1,1,0,0,2,0,193.04,203.2,265,34,26,0,0,3,7,-1,13,0,3,4,17.78,10.16,8,-18.36923077,1.4615384619999998,0.030769231,0,675.0,1250.0,1000.0,750.0,-140.0,300.0
3203,120.0,-130,120.0,76.92307692,1,False,3,0,2,0,24.18181818,0.544545455,0.363636364,0.0,0.0,5,3,18,0,0,0,1,7,0,0,8,2,190.5,200.66,265,1,0,0,13.5,0.556111111,0.5555555560000001,1.0555555559999998,0.45833333299999995,4,7,29,1,0,0,0,7,4,0,11,0,187.96,193.04,242,35,36,1,2,1,-3,4,-11,-1,0,-4,2.54,7.62,-1,10.68181818,-0.191919192,-1.0555555559999998,0,1000.0,600.0,275.0,1800.0,350.0,120.0
3224,-450.0,400,22.22222222,400.0,0,False,3,1,0,0,22.2,0.465,0.2,1.1,0.23199999999999998,4,4,18,1,0,0,2,3,1,0,6,0,193.04,198.12,245,1,0,0,21.0,0.501,0.2,0.7,0.316,3,3,18,0,0,0,1,5,1,0,7,0,198.12,200.66,255,32,31,0,0,1,-1,-1,0,1,-2,0,-5.08,-2.54,1,1.2,0.0,0.4,0,585.0,615.0,1750.0,905.0,-225.0,810.0
3225,-315.0,285,31.74603175,285.0,0,False,3,0,1,0,33.0,0.675,0.0,2.5,0.415,1,1,3,0,0,0,0,1,0,0,1,0,195.58,193.04,260,0,1,0,25.0,0.573333333,0.0,0.0,0.0,1,1,5,0,0,0,0,2,0,0,2,0,190.5,200.66,260,28,34,0,0,0,-1,0,-2,0,-1,0,5.08,-7.62,-6,8.0,0.0,2.5,2,700.0,900.0,800.0,1400.0,-170.0,425.0
3245,-430.0,380,23.25581395,380.0,0,True,5,0,1,0,35.5,0.43375,0.125,0.75,0.3,4,3,20,0,0,0,1,4,0,0,5,0,177.8,182.88,265,0,4,0,45.625,0.60875,0.125,0.625,0.16625,4,2,18,0,0,0,2,3,1,0,6,0,193.04,195.58,231,37,40,0,-3,0,-1,-1,2,0,1,-1,-15.24,-12.7,-3,-10.125,0.0,0.125,0,425.0,1250.0,-110.0,3000.0,410.0,375.0
3321,-120.0,110,83.33333333,110.0,0,False,5,0,1,0,18.5,0.38833333299999995,0.083333333,0.25,0.125,3,5,24,1,0,0,0,7,0,0,7,0,182.88,182.88,263,2,0,0,36.0,0.445714286,0.14285714300000002,0.857142857,0.342857143,4,3,18,0,0,0,1,3,0,0,4,0,177.8,182.88,265,40,38,2,1,-1,3,-2,6,1,4,0,5.08,0.0,2,-17.5,-0.05952381,-0.607142857,0,335.0,528.0,2200.0,615.0,180.0,180.0
3333,-430.0,380,23.25581395,380.0,1,False,5,0,4,0,20.2,0.436666667,0.333333333,0.133333333,0.133333333,6,4,29,5,0,1,1,7,2,0,11,0,190.5,195.58,240,2,0,0,27.0,0.506,0.0,0.0,0.0,2,3,11,1,0,0,0,2,0,0,2,0,193.04,203.2,264,34,35,2,4,4,9,-1,18,4,5,2,-2.54,-7.62,-1,-6.8,0.333333333,0.133333333,0,336.0,625.0,850.0,2200.0,-131.0,525.0
3345,-330.0,300,30.303030300000003,300.0,1,False,3,0,1,0,23.66666667,0.43,0.333333333,1.166666667,0.141666667,1,3,14,0,0,0,1,2,0,0,3,0,193.04,198.12,265,0,1,0,43.25,0.7375,0.0,0.25,0.25,1,2,8,0,0,0,1,1,0,0,2,0,193.04,203.2,265,34,32,0,0,0,1,-1,6,0,1,0,0.0,-5.08,2,-19.58333333,0.333333333,0.916666667,0,465.0,1200.0,550.0,2300.0,-130.0,400.0
3346,116.0,-126,116.0,79.36507937,0,False,3,0,2,0,14.0,0.59,0.0,1.0,0.75,2,0,2,0,0,0,0,2,0,0,2,0,190.5,200.66,260,0,1,0,25.9,0.536,0.4,0.0,0.0,5,3,17,0,0,0,1,6,0,0,7,2,190.5,200.66,265,36,29,0,1,-3,-5,3,-15,0,-4,0,0.0,0.0,7,-11.9,-0.4,1.0,2,550.0,650.0,2000.0,1450.0,225.0,-115.0
3359,205.0,-225,205.0,44.44444444,1,False,3,1,0,0,6.0,0.42,0.0,0.0,0.0,0,1,1,0,0,0,0,0,0,0,0,0,195.58,193.04,260,1,0,0,0.0,0.0,2.0,0.0,0.0,0,1,1,0,0,0,0,0,0,0,0,0,187.96,190.5,247,36,34,0,0,0,0,0,0,0,0,0,7.62,2.54,2,6.0,-2.0,0.0,2,1200.0,354.0,478.0,1150.0,420.0,115.0
3386,-200.0,185,50.0,185.0,0,False,3,1,0,0,5.0,0.83,0.0,1.0,0.33,0,1,1,0,0,0,0,0,0,0,0,2,203.2,200.66,255,2,0,0,24.66666667,0.46,0.0,0.333333333,0.166666667,2,3,10,0,0,0,0,3,0,0,3,1,182.88,190.5,260,29,33,1,0,-2,-3,2,-9,0,-3,0,20.32,10.16,-4,-19.66666667,0.0,0.666666667,2,525.0,1065.0,800.0,1275.0,-130.0,250.0
3467,140.0,-150,140.0,66.66666667,0,False,3,0,2,0,21.33333333,0.478888889,0.222222222,1.111111111,0.23555555600000003,4,3,15,1,0,0,2,3,1,0,6,0,193.04,198.12,245,0,3,0,20.78571429,0.45285714299999996,0.35714285700000004,0.14285714300000002,0.14285714300000002,6,4,26,5,0,0,1,7,2,0,10,0,190.5,195.58,240,35,31,0,-1,-2,-4,1,-11,-4,-4,-1,2.54,2.54,4,0.54761904,-0.134920635,0.968253968,1,451.0,317.0,1685.0,800.0,330.0,200.0
3486,-650.0,535,15.38461538,535.0,0,False,5,0,3,0,84.85714286,0.572857143,0.7142857140000001,0.428571429,0.214285714,3,3,20,0,0,1,2,1,0,0,4,0,185.42,190.5,205,0,2,0,54.16666667,0.46,0.0,1.5,0.5033333329999999,3,1,14,0,0,0,3,2,0,0,5,0,193.04,203.2,240,31,34,0,1,0,-1,-2,6,0,-1,0,-7.62,-12.7,-3,30.69047619,0.7142857140000001,-1.071428571,0,275.0,650.0,650.0,2000.0,-150.0,900.0
3543,200.0,-220,200.0,45.45454545,0,False,5,0,3,0,16.66666667,0.514444444,0.222222222,0.7777777779999999,0.35111111100000003,3,2,13,0,0,0,1,5,1,0,7,0,198.12,200.66,255,0,3,0,34.85714286,0.6085714289999999,0.14285714300000002,0.428571429,0.14285714300000002,3,2,13,0,0,0,1,3,1,0,5,0,193.04,195.58,231,36,31,0,0,0,2,0,0,0,2,0,5.08,5.08,5,-18.19047619,0.079365079,0.34920634899999997,0,575.0,475.0,400.0,2500.0,700.0,-125.0
3569,150.0,-160,150.0,62.5,1,False,5,2,0,0,18.45454545,0.374545455,0.090909091,0.272727273,0.13636363599999998,3,5,23,1,0,0,0,6,0,0,6,0,182.88,182.88,263,1,0,0,21.44444444,0.384444444,1.111111111,0.7777777779999999,0.145555556,2,4,18,2,0,0,2,1,2,0,5,0,190.5,195.58,240,37,37,-1,0,1,1,-1,5,-1,5,-2,-7.62,-12.7,0,-2.98989899,-1.02020202,-0.505050505,1,250.0,1650.0,900.0,1035.0,905.0,-125.0
3640,375.0,-420,375.0,23.80952381,1,False,3,2,0,0,37.0,0.706666667,0.0,0.333333333,0.333333333,1,2,5,0,0,0,0,1,0,0,1,0,193.04,203.2,265,3,0,0,12.95454545,0.512272727,0.9090909090000001,0.8636363640000001,0.29636363600000004,4,8,34,5,0,0,2,3,8,0,14,1,190.5,200.66,264,34,33,1,0,-3,-13,6,-29,-5,-2,-8,2.54,2.54,1,24.04545455,-0.9090909090000001,-0.530303031,1,800.0,600.0,650.0,1200.0,750.0,-200.0
3651,-290.0,260,34.48275862,260.0,0,False,3,0,2,0,12.58823529,0.568235294,0.588235294,1.058823529,0.475882353,4,6,26,1,0,0,0,7,4,0,11,0,187.96,193.04,242,0,1,0,52.4,0.486,0.0,1.6,0.40399999999999997,3,1,11,0,0,0,2,2,0,0,4,0,193.04,203.2,240,31,34,0,1,1,7,-5,15,1,5,4,-5.08,-10.16,-3,-39.81176471,0.588235294,-0.541176471,0,450.0,1300.0,1150.0,675.0,-120.0,340.0
3659,-400.0,355,25.0,355.0,1,False,3,1,0,0,45.0,0.66,2.0,0.0,0.0,0,1,3,0,0,0,0,0,0,0,0,0,190.5,195.58,205,1,0,0,18.0,0.25,0.0,0.0,0.0,0,1,3,0,0,0,0,0,0,0,0,1,195.58,195.58,250,30,21,0,0,0,0,0,0,0,0,0,-5.08,0.0,9,27.0,2.0,0.0,2,459.0,1250.0,800.0,800.0,-150.0,710.0
3684,-135.0,125,74.07407407,125.0,1,False,3,0,2,0,17.25,0.5,0.25,0.875,0.395,3,2,12,0,0,0,1,4,1,0,6,0,198.12,200.66,255,0,4,0,25.5,0.6283333329999999,0.666666667,0.666666667,0.5,4,1,10,1,0,0,0,4,1,0,5,0,190.5,198.12,250,36,31,0,-2,-1,1,-1,2,-1,0,0,7.62,2.54,5,-8.25,-0.41666666700000005,0.208333333,1,450.0,546.0,250.0,1410.0,328.0,250.0
3705,-170.0,160,58.82352941,160.0,1,False,3,0,1,0,25.0,0.625,0.0,2.5,1.0,1,1,6,0,0,0,0,1,0,0,1,0,193.04,205.74,265,1,0,0,17.0,0.564545455,0.090909091,0.0,0.0,1,6,18,0,0,0,1,4,0,0,5,0,180.34,187.96,235,34,36,1,1,0,-4,5,-12,0,-3,0,12.7,17.78,-2,8.0,-0.090909091,2.5,2,1365.0,925.0,1310.0,700.0,-110.0,200.0
3769,-200.0,185,50.0,185.0,0,True,5,0,1,0,49.0,0.534545455,0.0,0.363636364,0.22727272699999998,9,1,24,3,0,0,2,8,0,0,10,0,193.04,195.58,238,0,3,0,41.54545455,0.594545455,0.181818182,2.454545455,0.434545455,7,1,19,4,0,0,2,8,0,0,10,0,185.42,195.58,240,31,29,0,-2,2,0,0,5,-1,0,0,7.62,0.0,2,7.45454545,-0.181818182,-2.090909091,0,200.0,750.0,725.0,1800.0,250.0,225.0
3770,-500.0,435,20.0,435.0,0,False,3,1,0,0,18.6,0.392,0.1,0.3,0.15,3,4,20,1,0,0,0,6,0,0,6,0,182.88,182.88,263,0,1,0,59.0,0.61,0.0,0.0,0.0,1,0,3,0,0,0,1,0,0,0,1,0,180.34,182.88,235,34,37,-1,-1,2,5,-4,17,1,6,0,2.54,0.0,-3,-40.4,0.1,0.3,0,-155.0,1600.0,1800.0,2300.0,275.0,475.0
3772,135.0,-155,135.0,64.51612903,0,False,3,0,2,0,32.75,0.54,0.0,0.5,0.25,2,1,8,0,0,0,0,3,0,0,3,1,182.88,190.5,260,0,1,0,12.875,0.5725,0.625,1.125,0.505625,4,6,25,1,0,0,0,6,4,0,10,0,187.96,193.04,242,34,28,0,1,-2,-7,5,-17,-1,-3,-4,-5.08,-2.54,6,19.875,-0.625,-0.625,2,750.0,475.0,500.0,2300.0,425.0,-110.0
3793,145.0,-155,145.0,64.51612903,0,False,3,0,1,0,28.5,0.54375,0.5,0.0,0.0,5,2,15,0,0,0,1,5,0,0,6,2,190.5,200.66,265,0,1,0,22.25,0.48125,0.125,1.125,0.14,4,3,14,1,0,0,2,3,0,0,5,0,193.04,198.12,245,30,35,0,0,1,1,1,1,-1,2,0,-2.54,2.54,-5,6.25,0.375,-1.125,2,210.0,650.0,650.0,1800.0,400.0,135.0
3816,167.0,-178,167.0,56.17977528,1,False,3,0,3,0,25.4,0.618,0.8,0.8,0.6,3,1,9,1,0,0,0,3,1,0,4,0,190.5,198.12,250,2,0,0,13.14285714,0.51,0.9523809520000001,0.904761905,0.31047619,4,7,33,5,0,0,2,3,8,0,14,1,190.5,200.66,264,34,35,2,3,-1,-10,6,-24,-4,0,-7,0.0,-2.54,-1,12.25714286,-0.152380952,-0.104761905,0,400.0,225.0,350.0,550.0,550.0,225.0
3818,-155.0,145,64.51612903,145.0,0,False,3,1,0,0,30.8,0.565333333,0.133333333,0.533333333,0.333333333,4,7,34,0,0,0,3,4,1,0,8,0,190.5,193.04,230,1,0,0,17.2,0.408,0.4,1.4,0.17,1,3,11,0,0,0,1,1,0,0,2,0,193.04,198.12,265,31,35,0,0,3,6,-4,23,0,3,1,-2.54,-5.08,-4,13.6,-0.26666666699999997,-0.8666666670000001,2,350.0,325.0,1500.0,950.0,175.0,200.0
3839,-150.0,140,66.66666667,140.0,1,False,3,0,1,0,17.71428571,0.498571429,0.28571428600000004,1.0,0.451428571,3,2,11,0,0,0,1,3,1,0,5,0,198.12,200.66,255,1,0,0,35.0,0.75,0.0,0.5,0.5,1,1,4,0,0,0,0,1,0,0,1,0,193.04,203.2,265,33,31,1,1,2,4,-1,7,0,2,1,5.08,-2.54,2,-17.28571429,0.28571428600000004,0.5,0,425.0,700.0,650.0,1600.0,-130.0,300.0
3882,-155.0,135,64.51612903,135.0,0,False,3,3,0,0,30.5,0.505,0.0,0.75,0.5,1,3,7,0,0,0,0,1,0,0,1,0,193.04,193.04,242,1,0,0,13.53333333,0.544,0.666666667,1.2,0.539333333,4,6,24,1,0,0,0,5,4,0,9,0,187.96,193.04,242,34,28,-2,0,-3,-8,3,-17,-1,-4,-4,5.08,0.0,6,16.96666667,-0.666666667,-0.45,2,1195.0,700.0,135.0,2600.0,434.0,206.0
3887,-275.0,250,36.36363636,250.0,1,False,3,1,0,0,39.0,0.455,0.0,1.75,0.475,3,1,8,0,0,0,1,2,0,0,3,0,193.04,203.2,240,0,3,0,18.11111111,0.415555556,0.111111111,0.333333333,0.166666667,3,3,17,1,0,0,0,6,0,0,6,0,182.88,182.88,263,36,30,-1,-3,0,-3,2,-9,-1,-4,0,10.16,20.32,6,20.88888889,-0.111111111,1.4166666669999999,0,500.0,300.0,950.0,1800.0,-150.0,650.0
3890,105.0,-115,105.0,86.95652174,1,False,3,0,1,0,40.33333333,0.5,0.0,0.666666667,0.333333333,1,1,7,0,0,0,0,2,0,0,2,1,182.88,190.5,260,0,1,0,18.5,0.555,0.1,0.0,0.0,1,5,17,0,0,0,1,4,0,0,5,0,180.34,187.96,235,33,28,0,0,0,-3,4,-10,0,-2,0,2.54,2.54,5,21.83333333,-0.1,0.666666667,2,550.0,320.0,1900.0,420.0,115.0,400.0
3897,245.0,-265,245.0,37.73584906,1,False,5,0,2,0,35.33333333,0.566666667,0.0,0.333333333,0.083333333,2,2,11,0,0,0,1,3,0,0,4,0,193.04,195.58,231,0,1,0,22.375,0.38875,1.25,0.875,0.16375,2,3,16,2,0,0,2,1,2,0,5,0,190.5,195.58,240,37,35,0,1,0,-1,1,-5,-2,2,-2,2.54,0.0,2,12.95833333,-1.25,-0.541666667,1,600.0,325.0,1100.0,500.0,450.0,115.0
3909,-705.0,570,14.18439716,570.0,0,True,5,0,2,0,12.33333333,0.56,0.0,0.0,0.0,2,1,5,0,0,0,0,2,0,0,2,0,193.04,203.2,264,0,2,0,43.9,0.59,0.2,2.7,0.478,7,1,18,3,0,0,2,7,0,0,9,0,185.42,195.58,240,30,33,0,0,-5,-7,0,-13,-3,-5,0,7.62,7.62,-3,-31.56666667,-0.2,-2.7,0,650.0,1500.0,1500.0,2200.0,-380.0,825.0
3910,-475.0,420,21.05263158,420.0,0,False,3,0,4,0,24.0,0.45,0.2,0.8,0.4,4,1,10,0,0,0,1,3,0,0,4,0,177.8,182.88,265,1,0,0,46.5,0.532,0.0,0.3,0.15,9,1,21,3,0,0,2,7,0,0,9,0,193.04,195.58,238,29,39,1,4,-5,-5,0,-11,-3,-4,0,-15.24,-12.7,-10,-22.5,0.2,0.5,0,200.0,800.0,400.0,3500.0,200.0,420.0
3936,-235.0,215,42.55319149,215.0,0,False,3,0,1,0,33.52941176,0.5747058820000001,0.176470588,1.411764706,0.425882353,3,6,36,0,1,0,3,6,0,1,11,0,193.04,208.28,240,0,2,0,20.125,0.4175,0.125,0.375,0.1875,2,3,16,1,0,0,0,5,0,0,5,0,182.88,182.88,263,36,37,0,-1,1,6,-3,20,-1,2,0,10.16,25.4,-1,13.40441176,0.051470588,1.036764706,0,400.0,350.0,600.0,2500.0,-105.0,600.0
3959,-245.0,225,40.81632653,225.0,0,False,3,0,2,0,14.42857143,0.511428571,0.7142857140000001,1.285714286,0.577857143,4,5,23,1,0,0,0,5,4,0,9,0,187.96,193.04,242,1,0,0,19.16666667,0.431666667,0.333333333,1.166666667,0.526666667,3,2,10,0,0,0,1,2,1,0,4,0,198.12,200.66,255,30,33,1,2,1,5,-3,13,1,3,3,-10.16,-7.62,-3,-4.73809524,0.380952381,0.11904761900000001,2,350.0,480.0,1500.0,500.0,-140.0,950.0
3970,-250.0,230,40.0,230.0,0,False,3,1,0,0,15.75,0.49,0.25,1.5,0.4825,1,2,7,0,0,0,1,0,1,0,2,0,195.58,208.28,250,2,0,0,31.57142857,0.511428571,0.571428571,0.0,0.0,5,2,14,0,0,0,1,4,0,0,5,2,190.5,200.66,265,34,26,1,0,-4,-3,0,-7,0,-4,1,5.08,7.62,8,-15.82142857,-0.321428571,1.5,2,708.0,675.0,3300.0,469.0,-170.0,1000.0
3994,-205.0,188,48.780487799999996,188.0,1,False,3,0,3,0,18.25,0.42,0.25,0.75,0.375,3,1,7,0,0,0,1,2,0,0,3,0,177.8,182.88,265,0,4,0,19.91666667,0.435833333,1.5,0.25,0.25,4,3,19,0,1,0,0,4,4,0,9,0,210.82,213.36,265,25,38,0,-1,-1,-6,2,-12,0,-2,-4,-33.02,-30.48,-13,-1.66666667,-1.25,0.5,0,500.0,875.0,100.0,3000.0,700.0,180.0
4008,-105.0,-105,95.23809524,95.23809524,0,False,3,1,0,0,36.0,0.6033333329999999,0.0,0.0,0.0,2,1,3,0,0,0,0,2,0,0,2,0,193.04,208.28,240,2,0,0,22.85714286,0.467142857,0.0,0.571428571,0.071428571,4,3,11,1,0,0,1,3,0,0,4,0,193.04,198.12,245,29,35,1,0,-2,-2,2,-8,-1,-1,0,0.0,10.16,-6,13.14285714,0.0,-0.571428571,2,868.0,1200.0,160.0,2830.0,600.0,120.0
4028,-440.0,390,22.72727273,390.0,1,False,3,0,1,0,8.0,0.625,0.0,0.0,0.0,1,1,2,0,0,0,0,1,0,0,1,0,193.04,203.2,264,0,1,0,19.0,0.79,0.0,0.0,0.0,1,0,1,0,0,0,0,1,0,0,1,0,193.04,203.2,265,32,33,0,0,0,0,-1,1,0,0,0,0.0,0.0,-1,-11.0,0.0,0.0,2,575.0,1650.0,1250.0,1050.0,-265.0,529.0
4050,-115.0,105,86.95652174,105.0,0,False,3,0,1,0,18.5,0.4,0.5,1.75,0.2125,1,2,9,0,0,0,1,1,0,0,2,0,193.04,198.12,265,0,1,0,14.23076923,0.504615385,0.692307692,1.153846154,0.593846154,4,5,21,1,0,0,0,5,3,0,8,0,187.96,193.04,242,33,31,0,0,-3,-6,3,-12,-1,-4,-3,5.08,5.08,2,4.26923077,-0.192307692,0.596153846,2,497.0,380.0,255.0,1790.0,427.0,220.0
4058,-190.0,175,52.63157895,175.0,1,True,5,0,1,0,36.44444444,0.601111111,0.222222222,1.7777777780000001,0.494444444,7,1,13,2,0,0,1,7,0,0,8,0,185.42,195.58,240,0,9,0,45.33333333,0.545555556,0.0,0.333333333,0.166666667,9,0,16,2,0,0,2,7,0,0,9,0,193.04,195.58,238,28,30,0,-8,-2,-1,-1,-3,0,0,0,-7.62,0.0,-2,-8.88888889,0.222222222,1.444444445,2,638.0,865.0,1325.0,1750.0,-121.0,254.0
4070,-185.0,170,54.05405405,170.0,0,False,5,1,0,0,34.66666667,0.52,0.666666667,0.0,0.0,5,1,13,0,0,0,1,4,0,0,5,2,190.5,200.66,265,0,1,0,19.71428571,0.415714286,0.14285714300000002,0.428571429,0.214285714,2,3,15,1,0,0,0,4,0,0,4,0,182.88,182.88,263,36,34,-1,-1,3,1,2,-2,-1,0,0,7.62,17.78,2,14.95238096,0.523809524,-0.428571429,2,310.0,325.0,700.0,2575.0,125.0,450.0
4072,220.0,-240,220.0,41.66666667,0,False,3,1,0,0,32.0,0.65,0.0,0.0,0.0,0,1,2,0,0,0,0,0,0,0,0,1,193.04,200.66,250,1,0,0,19.33333333,0.535555556,0.111111111,0.0,0.0,1,5,15,0,0,0,1,3,0,0,4,0,180.34,187.96,235,33,29,0,0,-1,-4,4,-13,0,-3,0,12.7,12.7,4,12.66666667,-0.111111111,0.0,2,1003.0,1006.0,1490.0,180.0,300.0,171.0
4122,-210.0,190,47.61904762,190.0,0,False,3,2,0,0,36.33333333,0.54,0.0,0.333333333,0.333333333,1,2,5,0,0,0,0,1,0,0,1,0,193.04,193.04,242,1,0,0,22.71428571,0.387142857,1.0,0.857142857,0.14,2,3,14,2,0,0,2,1,1,0,4,0,190.5,195.58,240,36,28,-1,0,-1,-3,1,-9,-2,0,-1,2.54,-2.54,8,13.61904762,-1.0,-0.523809524,2,472.0,940.0,250.0,1369.0,165.0,320.0
4133,-185.0,170,54.05405405,170.0,1,False,5,1,0,0,1.0,0.5,0.0,0.0,0.0,0,1,1,0,0,0,0,0,0,0,0,0,193.04,203.2,264,0,3,0,21.4,0.434,0.4,1.4,0.632,3,1,9,0,0,0,1,2,1,0,4,0,198.12,200.66,255,30,33,-1,-3,-3,-4,0,-8,0,-2,-1,-5.08,2.54,-3,-20.4,-0.4,-1.4,2,1358.0,592.0,1750.0,547.0,-170.0,450.0
4143,155.0,-165,155.0,60.60606061,0,False,5,0,3,0,36.0,0.44,0.0,2.0,0.523333333,3,0,6,0,0,0,1,2,0,0,3,0,193.04,203.2,240,0,3,0,16.54545455,0.435454545,1.636363636,0.272727273,0.272727273,3,3,17,0,1,0,0,3,4,0,8,0,210.82,213.36,265,24,30,0,0,0,-5,3,-11,0,-1,-4,-17.78,-10.16,-6,19.45454545,-1.636363636,1.727272727,2,1005.0,1123.0,295.0,2675.0,628.0,-135.0
4186,-125.0,115,80.0,115.0,0,False,3,0,1,0,64.0,0.56,0.0,0.0,0.0,1,0,2,0,0,0,0,1,0,0,1,1,182.88,190.5,260,1,0,0,33.25,0.56875,0.1875,1.5,0.4525,3,6,33,0,1,0,2,6,0,1,10,0,193.04,208.28,240,37,27,1,1,-2,-9,6,-31,0,-6,0,-10.16,-17.78,10,30.75,-0.1875,-1.5,2,399.0,620.0,1500.0,1050.0,205.0,170.0
4259,-475.0,420,21.05263158,420.0,0,True,5,0,3,0,12.36842105,0.518947368,1.052631579,1.0,0.343157895,4,5,28,4,0,0,2,3,8,0,14,1,190.5,200.66,264,0,8,0,43.625,0.53125,0.0,0.375,0.1875,8,0,14,1,0,0,2,6,0,0,8,0,193.04,195.58,238,28,33,0,-5,-4,6,-5,14,3,-3,8,-2.54,5.08,-5,-31.25657895,1.052631579,0.625,2,1260.0,874.0,3450.0,600.0,-380.0,2630.0
4261,-162.0,152,61.72839506,152.0,0,False,3,1,0,0,53.0,0.625,0.0,0.5,0.5,1,1,4,0,0,0,0,1,0,0,1,0,193.04,193.04,242,1,0,0,22.66666667,0.40166666700000003,0.166666667,0.5,0.25,2,3,14,1,0,0,0,3,0,0,3,0,182.88,182.88,263,35,27,0,0,-1,-2,2,-10,-1,-2,0,10.16,10.16,8,30.33333333,-0.166666667,0.0,2,375.0,400.0,522.0,1085.0,170.0,475.0
4263,-130.0,120,76.92307692,120.0,0,False,3,0,2,0,52.0,0.62,0.0,0.0,0.0,2,0,2,0,0,0,0,2,0,0,2,0,193.04,208.28,240,0,2,0,18.2,0.479,1.7,0.3,0.3,3,3,16,0,1,0,0,3,3,0,7,0,210.82,213.36,265,24,34,0,0,-1,-5,3,-14,0,-1,-3,-17.78,-5.08,-10,33.8,-1.7,-0.3,2,1700.0,2500.0,105.0,2625.0,689.0,135.0
4286,-150.0,140,66.66666667,140.0,1,False,3,0,1,0,65.0,0.7,0.0,0.0,0.0,1,0,1,0,0,0,0,1,0,0,1,0,193.04,208.28,240,0,1,0,19.875,0.5175,0.0,0.0,0.0,1,4,14,0,0,0,1,3,0,0,4,0,180.34,187.96,235,32,34,0,0,0,-3,4,-13,0,-2,0,12.7,20.32,-2,45.125,0.0,0.0,2,695.0,1550.0,600.0,1700.0,120.0,170.0
